J,v,quasibound,grid_index,original_rank,expanded_rank,difference_cm
0,0,False,1,1,1,-0.0
0,1,False,1,2,2,8.86757334228605e-11
0,2,False,1,3,3,-5.4569682106375694e-11
0,3,False,1,4,4,1.2732925824820995e-11
0,4,False,1,5,5,1.3096723705530167e-10
0,5,False,1,6,6,5.275069270282984e-11
0,6,False,1,7,7,-4.001776687800884e-11
0,7,False,1,8,8,-4.729372449219227e-11
0,8,False,1,9,9,2.1827872842550278e-11
0,9,False,1,10,10,-1.709850039333105e-10
0,10,False,1,11,11,2.546585164964199e-11
0,11,False,1,12,12,2.1100277081131935e-10
0,12,False,1,13,13,-4.3655745685100555e-11
0,13,False,1,14,14,-5.820766091346741e-11
0,14,False,1,15,15,3.637978807091713e-12
0,15,False,1,16,16,-1.382431946694851e-10
0,16,False,1,17,17,8.003553375601768e-11
0,17,False,1,18,18,-1.4551915228366852e-11
1,0,False,1,1,1,-6.500044946733397e-11
1,1,False,1,2,2,1.1323209037072957e-10
1,2,False,1,3,3,-5.911715561524034e-11
1,3,False,1,4,4,2.3646862246096134e-11
1,4,False,1,5,5,7.275957614183426e-12
1,5,False,1,6,6,9.458744898438454e-11
1,6,False,1,7,7,-9.458744898438454e-11
1,7,False,1,8,8,-3.637978807091713e-12
1,8,False,1,9,9,7.639755494892597e-11
1,9,False,1,10,10,-2.000888343900442e-10
1,10,False,1,11,11,9.458744898438454e-11
1,11,False,1,12,12,2.582964953035116e-10
1,12,False,1,13,13,-6.548361852765083e-11
1,13,False,1,14,14,-1.4551915228366852e-11
1,14,False,1,15,15,-1.0913936421275139e-11
1,15,False,1,16,16,-8.003553375601768e-11
1,16,False,1,17,17,9.458744898438454e-11
1,17,False,1,18,18,-5.093170329928398e-11
2,0,False,1,1,1,-5.299938266034587e-11
2,1,False,1,2,2,1.8189894035458565e-12
2,2,False,1,3,3,-1.8189894035458565e-11
2,3,False,1,4,4,6.912159733474255e-11
2,4,False,1,5,5,2.0736479200422764e-10
2,5,False,1,6,6,5.093170329928398e-11
2,6,False,1,7,7,6.912159733474255e-11
2,7,False,1,8,8,-1.4551915228366852e-11
2,8,False,1,9,9,9.094947017729282e-11
2,9,False,1,10,10,-2.219167072325945e-10
2,10,False,1,11,11,1.4551915228366852e-11
2,11,False,1,12,12,1.8553691916167736e-10
2,12,False,1,13,13,-7.275957614183426e-12
2,13,False,1,14,14,-3.637978807091713e-11
2,14,False,1,15,15,-4.001776687800884e-11
2,15,False,1,16,16,-1.2369127944111824e-10
2,16,False,1,17,17,7.275957614183426e-11
2,17,False,1,18,18,-7.275957614183426e-12
3,0,False,1,1,1,1.2100542789994506e-10
3,1,False,1,2,2,1.368789526168257e-10
3,2,False,1,3,3,-1.4642864698544145e-10
3,3,False,1,4,4,4.3655745685100555e-11
3,4,False,1,5,5,9.094947017729282e-11
3,5,False,1,6,6,4.001776687800884e-11
3,6,False,1,7,7,-6.912159733474255e-11
3,7,False,1,8,8,-6.912159733474255e-11
3,8,False,1,9,9,5.4569682106375694e-11
3,9,False,1,10,10,-1.4915713109076023e-10
3,10,False,1,11,11,1.8189894035458565e-11
3,11,False,1,12,12,2.0736479200422764e-10
3,12,False,1,13,13,-4.729372449219227e-11
3,13,False,1,14,14,-2.546585164964199e-11
3,14,False,1,15,15,2.546585164964199e-11
3,15,False,1,16,16,-1.673470251262188e-10
3,16,False,1,17,17,1.4551915228366852e-10
3,17,False,1,18,18,0.0
4,0,False,1,1,1,2.901856532844249e-11
4,1,False,1,2,2,1.7416823538951576e-10
4,2,False,1,3,3,-1.9099388737231493e-11
4,3,False,1,4,4,-2.000888343900442e-11
4,4,False,1,5,5,2.0554580260068178e-10
4,5,False,1,6,6,7.457856554538012e-11
4,6,False,1,7,7,3.637978807091713e-12
4,7,False,1,8,8,-4.001776687800884e-11
4,8,False,1,9,9,1.8189894035458565e-11
4,9,False,1,10,10,-1.0186340659856796e-10
4,10,False,1,11,11,1.382431946694851e-10
4,11,False,1,12,12,2.219167072325945e-10
4,12,False,1,13,13,-1.4551915228366852e-11
4,13,False,1,14,14,-8.003553375601768e-11
4,14,False,1,15,15,-6.184563972055912e-11
4,15,False,1,16,16,-1.673470251262188e-10
4,16,False,1,17,17,7.275957614183426e-11
4,17,False,1,18,18,-3.637978807091713e-11
5,0,False,1,1,1,-2.0975221559638157e-11
5,1,False,1,2,2,1.737134880386293e-10
5,2,False,1,3,3,-3.2741809263825417e-11
5,3,False,1,4,4,5.820766091346741e-11
5,4,False,1,5,5,5.275069270282984e-11
5,5,False,1,6,6,1.3096723705530167e-10
5,6,False,1,7,7,-2.546585164964199e-11
5,7,False,1,8,8,-1.2732925824820995e-10
5,8,False,1,9,9,9.094947017729282e-11
5,9,False,1,10,10,-2.1100277081131935e-10
5,10,False,1,11,11,5.093170329928398e-11
5,11,False,1,12,12,2.3283064365386963e-10
5,12,False,1,13,13,4.001776687800884e-11
5,13,False,1,14,14,-9.458744898438454e-11
5,14,False,1,15,15,4.3655745685100555e-11
5,15,False,1,16,16,-8.731149137020111e-11
5,16,False,1,17,17,1.2369127944111824e-10
5,17,False,1,18,18,0.0
6,0,False,1,1,1,-6.201616997714154e-11
6,1,False,1,2,2,9.276845958083868e-11
6,2,False,1,3,3,-1.000444171950221e-11
6,3,False,1,4,4,3.456079866737127e-11
6,4,False,1,5,5,3.637978807091713e-11
6,5,False,1,6,6,7.639755494892597e-11
6,6,False,1,7,7,1.8189894035458565e-11
6,7,False,1,8,8,-4.729372449219227e-11
6,8,False,1,9,9,2.9103830456733704e-11
6,9,False,1,10,10,-1.673470251262188e-10
6,10,False,1,11,11,5.093170329928398e-11
6,11,False,1,12,12,2.219167072325945e-10
6,12,False,1,13,13,-4.3655745685100555e-11
6,13,False,1,14,14,-6.548361852765083e-11
6,14,False,1,15,15,2.1827872842550278e-11
6,15,False,1,16,16,-1.0186340659856796e-10
6,16,False,1,17,17,1.1641532182693481e-10
6,17,False,1,18,18,0.0
7,0,False,1,1,1,-4.1040948417503387e-11
7,1,False,1,2,2,2.000888343900442e-11
7,2,False,1,3,3,-1.0913936421275139e-11
7,3,False,1,4,4,-7.275957614183426e-11
7,4,False,1,5,5,1.673470251262188e-10
7,5,False,1,6,6,1.4370016288012266e-10
7,6,False,1,7,7,4.729372449219227e-11
7,7,False,1,8,8,-8.003553375601768e-11
7,8,False,1,9,9,6.184563972055912e-11
7,9,False,1,10,10,-1.2732925824820995e-10
7,10,False,1,11,11,1.1641532182693481e-10
7,11,False,1,12,12,1.7826096154749393e-10
7,12,False,1,13,13,-2.546585164964199e-11
7,13,False,1,14,14,0.0
7,14,False,1,15,15,-2.546585164964199e-11
7,15,False,1,16,16,-1.1641532182693481e-10
7,16,False,1,17,17,7.275957614183426e-11
7,17,False,1,18,18,-2.9103830456733704e-11
8,0,False,1,1,1,-1.9326762412674725e-12
8,1,False,1,2,2,4.092726157978177e-11
8,2,False,1,3,3,-1.0186340659856796e-10
8,3,False,1,4,4,-9.822542779147625e-11
8,4,False,1,5,5,5.638867150992155e-11
8,5,False,1,6,6,7.275957614183426e-11
8,6,False,1,7,7,7.639755494892597e-11
8,7,False,1,8,8,-4.729372449219227e-11
8,8,False,1,9,9,1.4915713109076023e-10
8,9,False,1,10,10,-2.4374458007514477e-10
8,10,False,1,11,11,4.001776687800884e-11
8,11,False,1,12,12,1.5279510989785194e-10
8,12,False,1,13,13,-4.001776687800884e-11
8,13,False,1,14,14,-3.637978807091713e-11
8,14,False,1,15,15,5.820766091346741e-11
8,15,False,1,16,16,-1.0913936421275139e-10
8,16,False,1,17,17,2.1827872842550278e-11
8,17,False,1,18,18,2.9103830456733704e-11
9,0,False,1,1,1,5.991296347929165e-11
9,1,False,1,2,2,1.2005330063402653e-10
9,2,False,1,3,3,-1.3733369996771216e-10
9,3,False,1,4,4,-5.4569682106375694e-12
9,4,False,1,5,5,1.4370016288012266e-10
9,5,False,1,6,6,1.2732925824820995e-10
9,6,False,1,7,7,-4.001776687800884e-11
9,7,False,1,8,8,-1.0913936421275139e-10
9,8,False,1,9,9,6.912159733474255e-11
9,9,False,1,10,10,-1.3460521586239338e-10
9,10,False,1,11,11,1.4915713109076023e-10
9,11,False,1,12,12,1.8917489796876907e-10
9,12,False,1,13,13,-7.275957614183426e-12
9,13,False,1,14,14,-1.0913936421275139e-11
9,14,False,1,15,15,2.1827872842550278e-11
9,15,False,1,16,16,-8.003553375601768e-11
9,16,False,1,17,17,1.0913936421275139e-10
9,17,False,1,18,18,7.275957614183426e-12
10,0,False,1,1,1,3.865352482534945e-12
10,1,False,1,2,2,1.687112671788782e-10
10,2,False,1,3,3,9.822542779147625e-11
10,3,False,1,4,4,-8.549250196665525e-11
10,4,False,1,5,5,6.730260793119669e-11
10,5,False,1,6,6,1.3460521586239338e-10
10,6,False,1,7,7,6.184563972055912e-11
10,7,False,1,8,8,-1.0913936421275139e-10
10,8,False,1,9,9,3.637978807091713e-11
10,9,False,1,10,10,-1.964508555829525e-10
10,10,False,1,11,11,3.2741809263825417e-11
10,11,False,1,12,12,1.709850039333105e-10
10,12,False,1,13,13,-7.275957614183426e-12
10,13,False,1,14,14,-1.8189894035458565e-11
10,14,False,1,15,15,5.093170329928398e-11
10,15,False,1,16,16,-2.9103830456733704e-11
10,16,False,1,17,17,1.0913936421275139e-10
10,17,False,1,18,18,7.275957614183426e-11
11,0,False,1,1,1,-7.685230229981244e-11
11,1,False,1,2,2,1.9463186617940664e-10
11,2,False,1,3,3,-2.3646862246096134e-11
11,3,False,1,4,4,2.1827872842550278e-11
11,4,False,1,5,5,1.3096723705530167e-10
11,5,False,1,6,6,8.731149137020111e-11
11,6,False,1,7,7,-3.637978807091713e-12
11,7,False,1,8,8,-1.1641532182693481e-10
11,8,False,1,9,9,3.637978807091713e-11
11,9,False,1,10,10,-2.4374458007514477e-10
11,10,False,1,11,11,7.275957614183426e-12
11,11,False,1,12,12,2.1100277081131935e-10
11,12,False,1,13,13,-3.637978807091713e-11
11,13,False,1,14,14,2.546585164964199e-11
11,14,False,1,15,15,-1.1641532182693481e-10
11,15,False,1,16,16,-1.3096723705530167e-10
11,16,False,1,17,17,8.003553375601768e-11
11,17,False,1,18,18,4.3655745685100555e-11
12,0,False,1,1,1,2.5011104298755527e-11
12,1,False,1,2,2,1.0186340659856796e-10
12,2,False,1,3,3,-2.191882231272757e-10
12,3,False,1,4,4,-1.1641532182693481e-10
12,4,False,1,5,5,1.291482476517558e-10
12,5,False,1,6,6,6.912159733474255e-11
12,6,False,1,7,7,-3.637978807091713e-11
12,7,False,1,8,8,-2.0372681319713593e-10
12,8,False,1,9,9,-2.1827872842550278e-11
12,9,False,1,10,10,-1.8189894035458565e-10
12,10,False,1,11,11,7.639755494892597e-11
12,11,False,1,12,12,1.4551915228366852e-10
12,12,False,1,13,13,3.637978807091713e-12
12,13,False,1,14,14,4.729372449219227e-11
12,14,False,1,15,15,-1.1641532182693481e-10
12,15,False,1,16,16,0.0
12,16,False,1,17,17,5.093170329928398e-11
12,17,False,1,18,18,1.4551915228366852e-11
13,0,False,1,1,1,-3.5925040720030665e-11
13,1,False,1,2,2,4.638422979041934e-11
13,2,False,1,3,3,-3.2741809263825417e-11
13,3,False,1,4,4,-3.8198777474462986e-11
13,4,False,1,5,5,1.964508555829525e-10
13,5,False,1,6,6,1.7826096154749393e-10
13,6,False,1,7,7,7.275957614183426e-11
13,7,False,1,8,8,-4.729372449219227e-11
13,8,False,1,9,9,4.001776687800884e-11
13,9,False,1,10,10,-1.964508555829525e-10
13,10,False,1,11,11,1.2005330063402653e-10
13,11,False,1,12,12,1.6007106751203537e-10
13,12,False,1,13,13,7.275957614183426e-11
13,13,False,1,14,14,1.0913936421275139e-11
13,14,False,1,15,15,-1.0186340659856796e-10
13,15,False,1,16,16,-5.820766091346741e-11
13,16,False,1,17,17,1.1641532182693481e-10
13,17,False,1,18,18,-7.275957614183426e-12
14,0,False,1,1,1,9.00399754755199e-11
14,1,False,1,2,2,2.3010215954855084e-10
14,2,False,1,3,3,-4.274625098332763e-11
14,3,False,1,4,4,-7.09405867382884e-11
14,4,False,1,5,5,1.2005330063402653e-10
14,5,False,1,6,6,1.3460521586239338e-10
14,6,False,1,7,7,8.003553375601768e-11
14,7,False,1,8,8,-2.6193447411060333e-10
14,8,False,1,9,9,8.731149137020111e-11
14,9,False,1,10,10,-1.5643308870494366e-10
14,10,False,1,11,11,-7.275957614183426e-12
14,11,False,1,12,12,1.418811734765768e-10
14,12,False,1,13,13,1.0913936421275139e-11
14,13,False,1,14,14,2.9103830456733704e-11
14,14,False,1,15,15,-1.6007106751203537e-10
14,15,False,1,16,16,-5.093170329928398e-11
14,16,False,1,17,17,1.382431946694851e-10
14,17,False,1,18,18,1.4551915228366852e-11
15,0,False,1,1,1,-9.185896487906575e-11
15,1,False,1,2,2,2.546585164964199e-11
15,2,False,1,3,3,5.638867150992155e-11
15,3,False,1,4,4,-1.4370016288012266e-10
15,4,False,1,5,5,1.7826096154749393e-10
15,5,False,1,6,6,9.094947017729282e-11
15,6,False,1,7,7,4.001776687800884e-11
15,7,False,1,8,8,-1.5279510989785194e-10
15,8,False,1,9,9,4.729372449219227e-11
15,9,False,1,10,10,-1.4915713109076023e-10
15,10,False,1,11,11,9.822542779147625e-11
15,11,False,1,12,12,8.36735125631094e-11
15,12,False,1,13,13,1.8189894035458565e-11
15,13,False,1,14,14,5.4569682106375694e-11
15,14,False,1,15,15,-1.4551915228366852e-10
15,15,False,1,16,16,-6.548361852765083e-11
15,16,False,1,17,17,-7.275957614183426e-12
15,17,False,1,18,18,-7.275957614183426e-12
16,0,False,1,1,1,6.59383658785373e-11
16,1,False,1,2,2,8.094502845779061e-11
16,2,False,1,3,3,5.4569682106375694e-12
16,3,False,1,4,4,-7.821654435247183e-11
16,4,False,1,5,5,1.4915713109076023e-10
16,5,False,1,6,6,1.382431946694851e-10
16,6,False,1,7,7,6.912159733474255e-11
16,7,False,1,8,8,-1.418811734765768e-10
16,8,False,1,9,9,-2.9103830456733704e-11
16,9,False,1,10,10,-1.2005330063402653e-10
16,10,False,1,11,11,1.3096723705530167e-10
16,11,False,1,12,12,1.9281287677586079e-10
16,12,False,1,13,13,6.912159733474255e-11
16,13,False,1,14,14,5.4569682106375694e-11
16,14,False,1,15,15,-8.731149137020111e-11
16,15,False,1,16,16,-6.548361852765083e-11
16,16,False,1,17,17,0.0
16,17,False,1,18,18,-7.275957614183426e-12
17,0,False,1,1,1,1.0095391189679503e-10
17,1,False,1,2,2,1.1732481652870774e-10
17,2,False,1,3,3,4.9112713895738125e-11
17,3,False,1,4,4,3.092281986027956e-11
17,4,False,1,5,5,1.418811734765768e-10
17,5,False,1,6,6,9.822542779147625e-11
17,6,False,1,7,7,-6.184563972055912e-11
17,7,False,1,8,8,-1.8553691916167736e-10
17,8,False,1,9,9,8.731149137020111e-11
17,9,False,1,10,10,-1.5643308870494366e-10
17,10,False,1,11,11,8.731149137020111e-11
17,11,False,1,12,12,5.4569682106375694e-11
17,12,False,1,13,13,6.912159733474255e-11
17,13,False,1,14,14,2.1827872842550278e-11
17,14,False,1,15,15,-9.458744898438454e-11
17,15,False,1,16,16,-6.548361852765083e-11
17,16,False,1,17,17,5.093170329928398e-11
17,17,False,1,18,18,-5.093170329928398e-11
18,0,False,1,1,1,-9.094947017729282e-13
18,1,False,1,2,2,1.9917933968827128e-10
18,2,False,1,3,3,1.8189894035458565e-12
18,3,False,1,4,4,5.820766091346741e-11
18,4,False,1,5,5,1.000444171950221e-10
18,5,False,1,6,6,9.094947017729282e-11
18,6,False,1,7,7,-7.275957614183426e-12
18,7,False,1,8,8,-2.0736479200422764e-10
18,8,False,1,9,9,4.3655745685100555e-11
18,9,False,1,10,10,-2.219167072325945e-10
18,10,False,1,11,11,7.275957614183426e-11
18,11,False,1,12,12,8.003553375601768e-11
18,12,False,1,13,13,1.0550138540565968e-10
18,13,False,1,14,14,3.637978807091713e-11
18,14,False,1,15,15,-1.3096723705530167e-10
18,15,False,1,16,16,-4.3655745685100555e-11
18,16,False,1,17,17,0.0
18,17,False,1,18,18,-4.452886059880257e-09
19,0,False,1,1,1,-4.8203219193965197e-11
19,1,False,1,2,2,1.3642420526593924e-10
19,2,False,1,3,3,2.546585164964199e-11
19,3,False,1,4,4,-8.003553375601768e-11
19,4,False,1,5,5,1.546140993013978e-10
19,5,False,1,6,6,7.639755494892597e-11
19,6,False,1,7,7,-6.548361852765083e-11
19,7,False,1,8,8,-1.2369127944111824e-10
19,8,False,1,9,9,1.4551915228366852e-11
19,9,False,1,10,10,-8.003553375601768e-11
19,10,False,1,11,11,1.1641532182693481e-10
19,11,False,1,12,12,8.003553375601768e-11
19,12,False,1,13,13,1.0913936421275139e-10
19,13,False,1,14,14,2.9103830456733704e-11
19,14,False,1,15,15,-1.3096723705530167e-10
19,15,False,1,16,16,-7.275957614183426e-12
19,16,False,1,17,17,2.1827872842550278e-11
19,17,True,1,18,18,-2.0976585801690817e-07
20,0,False,1,1,1,4.18367562815547e-11
20,1,False,1,2,2,1.2187229003757238e-10
20,2,False,1,3,3,6.002665031701326e-11
20,3,False,1,4,4,-3.637978807091713e-11
20,4,False,1,5,5,2.0190782379359007e-10
20,5,False,1,6,6,9.094947017729282e-11
20,6,False,1,7,7,-9.458744898438454e-11
20,7,False,1,8,8,-2.9103830456733704e-11
20,8,False,1,9,9,5.4569682106375694e-11
20,9,False,1,10,10,-9.458744898438454e-11
20,10,False,1,11,11,8.731149137020111e-11
20,11,False,1,12,12,4.729372449219227e-11
20,12,False,1,13,13,8.731149137020111e-11
20,13,False,1,14,14,5.820766091346741e-11
20,14,False,1,15,15,-1.1641532182693481e-10
20,15,False,1,16,16,-3.637978807091713e-11
20,16,False,1,17,17,7.275957614183426e-12
20,17,True,1,18,18,-2.3936336219776422e-05
21,0,False,1,1,1,1.191438059322536e-10
21,1,False,1,2,2,1.1550582712516189e-10
21,2,False,1,3,3,1.6370904631912708e-11
21,3,False,1,4,4,-4.3655745685100555e-11
21,4,False,1,5,5,9.094947017729282e-11
21,5,False,1,6,6,7.639755494892597e-11
21,6,False,1,7,7,4.3655745685100555e-11
21,7,False,1,8,8,-8.36735125631094e-11
21,8,False,1,9,9,1.8189894035458565e-11
21,9,False,1,10,10,-7.639755494892597e-11
21,10,False,1,11,11,1.0550138540565968e-10
21,11,False,1,12,12,1.4551915228366852e-11
21,12,False,1,13,13,1.127773430198431e-10
21,13,False,1,14,14,6.548361852765083e-11
21,14,False,1,15,15,-5.820766091346741e-11
21,15,False,1,16,16,-2.1827872842550278e-11
21,16,False,1,17,17,0.0
21,17,True,1,18,19,0.07119410453015007
22,0,False,1,1,1,-3.001332515850663e-11
22,1,False,1,2,2,7.821654435247183e-11
22,2,False,1,3,3,-1.4551915228366852e-11
22,3,False,1,4,4,-3.2741809263825417e-11
22,4,False,1,5,5,1.7462298274040222e-10
22,5,False,1,6,6,7.275957614183426e-11
22,6,False,1,7,7,-1.0913936421275139e-10
22,7,False,1,8,8,-6.912159733474255e-11
22,8,False,1,9,9,2.1827872842550278e-11
22,9,False,1,10,10,-1.0550138540565968e-10
22,10,False,1,11,11,7.275957614183426e-11
22,11,False,1,12,12,2.546585164964199e-11
22,12,False,1,13,13,4.001776687800884e-11
22,13,False,1,14,14,5.820766091346741e-11
22,14,False,1,15,15,-1.0186340659856796e-10
22,15,False,1,16,16,-8.731149137020111e-11
22,16,False,1,17,17,-1.0186340659856796e-10
22,17,True,1,19,19,-2.4411987575367675
23,0,False,1,1,1,5.184119800105691e-11
23,1,False,1,2,2,2.0190782379359007e-10
23,2,False,1,3,3,-1.1641532182693481e-10
23,3,False,1,4,4,-1.127773430198431e-10
23,4,False,1,5,5,1.6370904631912708e-10
23,5,False,1,6,6,1.0186340659856796e-10
23,6,False,1,7,7,7.639755494892597e-11
23,7,False,1,8,8,-6.548361852765083e-11
23,8,False,1,9,9,1.4551915228366852e-11
23,9,False,1,10,10,-5.820766091346741e-11
23,10,False,1,11,11,5.093170329928398e-11
23,11,False,1,12,12,4.3655745685100555e-11
23,12,False,1,13,13,-1.0913936421275139e-11
23,13,False,1,14,14,-7.275957614183426e-12
23,14,False,1,15,15,-8.003553375601768e-11
23,15,False,1,16,16,-1.4551915228366852e-11
23,16,True,1,17,17,-2.6193447411060333e-10
23,17,True,1,20,20,-20.796663102621096
24,0,False,1,1,1,-2.4556356947869062e-11
24,1,False,1,2,2,2.9103830456733704e-11
24,2,False,1,3,3,5.638867150992155e-11
24,3,False,1,4,4,-5.820766091346741e-11
24,4,False,1,5,5,9.458744898438454e-11
24,5,False,1,6,6,8.731149137020111e-11
24,6,False,1,7,7,5.093170329928398e-11
24,7,False,1,8,8,-5.4569682106375694e-11
24,8,False,1,9,9,-1.4551915228366852e-11
24,9,False,1,10,10,-2.546585164964199e-11
24,10,False,1,11,11,1.2005330063402653e-10
24,11,False,1,12,12,5.4569682106375694e-11
24,12,False,1,13,13,6.548361852765083e-11
24,13,False,1,14,14,2.1827872842550278e-11
24,14,False,1,15,15,-6.548361852765083e-11
24,15,False,1,16,16,-2.1827872842550278e-11
24,16,True,1,17,17,-4.844332579523325e-08
25,0,False,1,1,1,3.637978807091713e-12
25,1,False,1,2,2,1.3460521586239338e-10
25,2,False,1,3,3,1.0913936421275139e-11
25,3,False,1,4,4,-5.4569682106375694e-11
25,4,False,1,5,5,1.0913936421275139e-11
25,5,False,1,6,6,1.0913936421275139e-10
25,6,False,1,7,7,4.001776687800884e-11
25,7,False,1,8,8,-5.4569682106375694e-11
25,8,False,1,9,9,-8.003553375601768e-11
25,9,False,1,10,10,-2.1827872842550278e-11
25,10,False,1,11,11,1.0186340659856796e-10
25,11,False,1,12,12,-3.2741809263825417e-11
25,12,False,1,13,13,8.731149137020111e-11
25,13,False,1,14,14,2.9103830456733704e-11
25,14,False,1,15,15,-1.4551915228366852e-11
25,15,False,1,16,16,0.0
25,16,True,1,17,17,-0.0002431462999084033
26,0,False,1,1,1,4.547473508864641e-11
26,1,False,1,2,2,-4.001776687800884e-11
26,2,False,1,3,3,1.2187229003757238e-10
26,3,False,1,4,4,-1.6552803572267294e-10
26,4,False,1,5,5,9.094947017729282e-11
26,5,False,1,6,6,5.820766091346741e-11
26,6,False,1,7,7,-1.0913936421275139e-10
26,7,False,1,8,8,-5.820766091346741e-11
26,8,False,1,9,9,-6.548361852765083e-11
26,9,False,1,10,10,-4.3655745685100555e-11
26,10,False,1,11,11,1.4551915228366852e-11
26,11,False,1,12,12,5.093170329928398e-11
26,12,False,1,13,13,-1.4551915228366852e-11
26,13,False,1,14,14,-2.9103830456733704e-11
26,14,False,1,15,15,-1.4551915228366852e-11
26,15,False,1,16,16,-2.9103830456733704e-11
26,16,True,1,18,18,-0.1779812391323503
27,0,False,1,1,1,-5.4569682106375694e-12
27,1,False,1,2,2,1.709850039333105e-10
27,2,False,1,3,3,1.000444171950221e-10
27,3,False,1,4,4,-1.2732925824820995e-10
27,4,False,1,5,5,1.3460521586239338e-10
27,5,False,1,6,6,7.639755494892597e-11
27,6,False,1,7,7,7.275957614183426e-12
27,7,False,1,8,8,0.0
27,8,False,1,9,9,-5.4569682106375694e-11
27,9,False,1,10,10,4.3655745685100555e-11
27,10,False,1,11,11,1.4551915228366852e-11
27,11,False,1,12,12,5.093170329928398e-11
27,12,False,1,13,13,2.9103830456733704e-11
27,13,False,1,14,14,-4.3655745685100555e-11
27,14,False,1,15,15,1.4551915228366852e-11
27,15,True,1,16,16,0.0
27,16,True,1,19,19,-4.203136227617506
28,0,False,1,1,1,1.2732925824820995e-11
28,1,False,1,2,2,-8.549250196665525e-11
28,2,False,1,3,3,1.8189894035458565e-10
28,3,False,1,4,4,-6.548361852765083e-11
28,4,False,1,5,5,5.4569682106375694e-11
28,5,False,1,6,6,8.731149137020111e-11
28,6,False,1,7,7,-6.184563972055912e-11
28,7,False,1,8,8,7.639755494892597e-11
28,8,False,1,9,9,-1.5643308870494366e-10
28,9,False,1,10,10,2.9103830456733704e-11
28,10,False,1,11,11,8.731149137020111e-11
28,11,False,1,12,12,4.3655745685100555e-11
28,12,False,1,13,13,4.3655745685100555e-11
28,13,False,1,14,14,-8.003553375601768e-11
28,14,False,1,15,15,2.1827872842550278e-11
28,15,True,1,16,16,-1.4042598195374012e-09
28,16,True,1,19,20,3.4644930488721
29,0,False,1,1,1,-6.912159733474255e-11
29,1,False,1,2,2,1.0186340659856796e-10
29,2,False,1,3,3,1.382431946694851e-10
29,3,False,1,4,4,-1.3096723705530167e-10
29,4,False,1,5,5,-1.2005330063402653e-10
29,5,False,1,6,6,2.1827872842550278e-11
29,6,False,1,7,7,-5.820766091346741e-11
29,7,False,1,8,8,1.5643308870494366e-10
29,8,False,1,9,9,-1.382431946694851e-10
29,9,False,1,10,10,6.912159733474255e-11
29,10,False,1,11,11,2.9103830456733704e-11
29,11,False,1,12,12,-4.3655745685100555e-11
29,12,False,1,13,13,3.637978807091713e-11
29,13,False,1,14,14,-1.2369127944111824e-10
29,14,False,1,15,15,-7.275957614183426e-12
29,15,True,1,16,17,1.6230493201874197e-05
30,0,False,1,1,1,-9.094947017729282e-11
30,1,False,1,2,2,2.7284841053187847e-11
30,2,False,1,3,3,4.18367562815547e-11
30,3,False,1,4,4,-6.912159733474255e-11
30,4,False,1,5,5,-2.9103830456733704e-11
30,5,False,1,6,6,1.673470251262188e-10
30,6,False,1,7,7,-4.3655745685100555e-11
30,7,False,1,8,8,4.3655745685100555e-11
30,8,False,1,9,9,-6.912159733474255e-11
30,9,False,1,10,10,4.729372449219227e-11
30,10,False,1,11,11,7.275957614183426e-12
30,11,False,1,12,12,5.093170329928398e-11
30,12,False,1,13,13,6.548361852765083e-11
30,13,False,1,14,14,-1.0913936421275139e-10
30,14,True,1,15,15,2.9103830456733704e-11
30,15,True,1,17,18,0.0033575425040908158
31,0,False,1,1,1,8.185452315956354e-11
31,1,False,1,2,2,1.3642420526593924e-10
31,2,False,1,3,3,2.9103830456733704e-11
31,3,False,1,4,4,-3.637978807091713e-11
31,4,False,1,5,5,-1.8189894035458565e-11
31,5,False,1,6,6,4.729372449219227e-11
31,6,False,1,7,7,-4.729372449219227e-11
31,7,False,1,8,8,1.0550138540565968e-10
31,8,False,1,9,9,-1.5643308870494366e-10
31,9,False,1,10,10,4.001776687800884e-11
31,10,False,1,11,11,1.0913936421275139e-11
31,11,False,1,12,12,3.637978807091713e-11
31,12,False,1,13,13,-2.1827872842550278e-11
31,13,False,1,14,14,-5.820766091346741e-11
31,14,True,1,15,15,6.548361852765083e-11
31,15,True,1,18,19,0.07079134151717881
32,0,False,1,1,1,0.0
32,1,False,1,2,2,-2.546585164964199e-11
32,2,False,1,3,3,1.709850039333105e-10
32,3,False,1,4,4,-1.2369127944111824e-10
32,4,False,1,5,5,-1.4551915228366852e-11
32,5,False,1,6,6,-2.9103830456733704e-11
32,6,False,1,7,7,-6.912159733474255e-11
32,7,False,1,8,8,9.458744898438454e-11
32,8,False,1,9,9,-3.637978807091713e-12
32,9,False,1,10,10,7.639755494892597e-11
32,10,False,1,11,11,-3.637978807091713e-11
32,11,False,1,12,12,3.637978807091713e-11
32,12,False,1,13,13,1.4551915228366852e-11
32,13,False,1,14,14,-6.548361852765083e-11
32,14,True,1,15,15,-1.382431946694851e-09
32,15,True,1,19,20,-0.6032709817154682
33,0,False,1,1,1,-2.9103830456733704e-11
33,1,False,1,2,2,6.548361852765083e-11
33,2,False,1,3,3,1.6370904631912708e-10
33,3,False,1,4,4,-8.36735125631094e-11
33,4,False,1,5,5,-6.912159733474255e-11
33,5,False,1,6,6,1.4551915228366852e-11
33,6,False,1,7,7,-1.0550138540565968e-10
33,7,False,1,8,8,7.275957614183426e-12
33,8,False,1,9,9,-3.2741809263825417e-11
33,9,False,1,10,10,1.0186340659856796e-10
33,10,False,1,11,11,2.9103830456733704e-11
33,11,False,1,12,12,5.820766091346741e-11
33,12,False,1,13,13,0.0
33,13,False,1,14,14,-1.4551915228366852e-11
33,14,True,1,16,16,-3.309603198431432e-05
34,0,False,1,1,1,-1.6007106751203537e-10
34,1,False,1,2,2,2.9103830456733704e-11
34,2,False,1,3,3,1.4915713109076023e-10
34,3,False,1,4,4,4.3655745685100555e-11
34,4,False,1,5,5,-4.729372449219227e-11
34,5,False,1,6,6,9.458744898438454e-11
34,6,False,1,7,7,-4.729372449219227e-11
34,7,False,1,8,8,1.8189894035458565e-11
34,8,False,1,9,9,1.0913936421275139e-11
34,9,False,1,10,10,4.729372449219227e-11
34,10,False,1,11,11,-5.820766091346741e-11
34,11,False,1,12,12,9.458744898438454e-11
34,12,False,1,13,13,-6.548361852765083e-11
34,13,True,1,14,14,7.275957614183426e-12
34,14,True,1,17,18,0.004275919884094037
35,0,False,1,1,1,-6.184563972055912e-11
35,1,False,1,2,2,5.820766091346741e-11
35,2,False,1,3,3,1.4551915228366852e-10
35,3,False,1,4,4,5.093170329928398e-11
35,4,False,1,5,5,-1.0913936421275139e-11
35,5,False,1,6,6,3.637978807091713e-11
35,6,False,1,7,7,-7.639755494892597e-11
35,7,False,1,8,8,6.548361852765083e-11
35,8,False,1,9,9,2.9103830456733704e-11
35,9,False,1,10,10,3.637978807091713e-11
35,10,False,1,11,11,-1.4551915228366852e-11
35,11,False,1,12,12,1.1641532182693481e-10
35,12,False,1,13,13,1.4551915228366852e-11
35,13,True,1,14,14,1.4551915228366852e-11
35,14,True,1,18,19,-0.1276760720211314
36,0,False,1,1,1,-3.637978807091713e-11
36,1,False,1,2,2,2.9103830456733704e-11
36,2,False,1,3,3,5.093170329928398e-11
36,3,False,1,4,4,-6.184563972055912e-11
36,4,False,1,5,5,-4.001776687800884e-11
36,5,False,1,6,6,-1.8189894035458565e-10
36,6,False,1,7,7,-4.3655745685100555e-11
36,7,False,1,8,8,-3.2741809263825417e-11
36,8,False,1,9,9,7.275957614183426e-11
36,9,False,1,10,10,1.1641532182693481e-10
36,10,False,1,11,11,5.820766091346741e-11
36,11,False,1,12,12,7.275957614183426e-11
36,12,False,1,13,13,-5.093170329928398e-11
36,13,True,1,14,15,1.3340468285605311e-07
36,14,True,1,19,20,-8.682793063169811
37,0,False,1,1,1,1.0913936421275139e-11
37,1,False,1,2,2,-1.0550138540565968e-10
37,2,False,1,3,3,1.3460521586239338e-10
37,3,False,1,4,4,-2.1827872842550278e-11
37,4,False,1,5,5,0.0
37,5,False,1,6,6,-8.731149137020111e-11
37,6,False,1,7,7,-2.9103830456733704e-11
37,7,False,1,8,8,-7.275957614183426e-11
37,8,False,1,9,9,6.184563972055912e-11
37,9,False,1,10,10,5.820766091346741e-11
37,10,False,1,11,11,-7.275957614183426e-12
37,11,False,1,12,12,2.1827872842550278e-11
37,12,True,1,13,13,-9.458744898438454e-11
37,13,True,1,16,16,-0.0008457077565253712
38,0,False,1,1,1,-8.003553375601768e-11
38,1,False,1,2,2,1.4551915228366852e-11
38,2,False,1,3,3,-4.3655745685100555e-11
38,3,False,1,4,4,-1.0550138540565968e-10
38,4,False,1,5,5,4.729372449219227e-11
38,5,False,1,6,6,-1.5279510989785194e-10
38,6,False,1,7,7,-4.729372449219227e-11
38,7,False,1,8,8,-4.001776687800884e-11
38,8,False,1,9,9,6.912159733474255e-11
38,9,False,1,10,10,5.820766091346741e-11
38,10,False,1,11,11,2.1827872842550278e-11
38,11,False,1,12,12,9.458744898438454e-11
38,12,True,1,13,13,-5.093170329928398e-11
38,13,True,1,17,18,-0.015057726981467567
39,0,False,1,1,1,-4.729372449219227e-11
39,1,False,1,2,2,9.458744898438454e-11
39,2,False,1,3,3,-1.4551915228366852e-11
39,3,False,1,4,4,-1.4551915228366852e-11
39,4,False,1,5,5,0.0
39,5,False,1,6,6,-1.6370904631912708e-10
39,6,False,1,7,7,-2.1827872842550278e-11
39,7,False,1,8,8,-1.3460521586239338e-10
39,8,False,1,9,9,1.2369127944111824e-10
39,9,False,1,10,10,8.731149137020111e-11
39,10,False,1,11,11,4.3655745685100555e-11
39,11,False,1,12,12,-2.9103830456733704e-11
39,12,True,1,13,14,7.785274647176266e-10
39,13,True,1,18,19,-0.9342621746327495
40,0,False,1,1,1,-1.2369127944111824e-10
40,1,False,1,2,2,1.673470251262188e-10
40,2,False,1,3,3,-7.275957614183426e-12
40,3,False,1,4,4,1.0913936421275139e-11
40,4,False,1,5,5,-7.275957614183426e-12
40,5,False,1,6,6,-1.7462298274040222e-10
40,6,False,1,7,7,-9.458744898438454e-11
40,7,False,1,8,8,-7.275957614183426e-11
40,8,False,1,9,9,1.0913936421275139e-10
40,9,False,1,10,10,2.9103830456733704e-11
40,10,False,1,11,11,8.003553375601768e-11
40,11,True,1,12,12,7.275957614183426e-12
40,12,True,1,15,15,-7.811032264726236e-05
40,13,True,1,19,20,-20.35024701380462
41,0,False,1,1,1,-2.9103830456733704e-11
41,1,False,1,2,2,0.0
41,2,False,1,3,3,-4.3655745685100555e-11
41,3,False,1,4,4,8.36735125631094e-11
41,4,False,1,5,5,0.0
41,5,False,1,6,6,-8.003553375601768e-11
41,6,False,1,7,7,-4.729372449219227e-11
41,7,False,1,8,8,-3.637978807091713e-12
41,8,False,1,9,9,1.382431946694851e-10
41,9,False,1,10,10,5.093170329928398e-11
41,10,False,1,11,11,1.5279510989785194e-10
41,11,True,1,12,12,-1.4551915228366852e-11
41,12,True,1,16,17,-0.0006029468931956217
0,0,False,2,1,1,0.0
0,1,False,2,2,2,-1.709850039333105e-10
0,2,False,2,3,3,-1.6370904631912708e-11
0,3,False,2,4,4,-1.3096723705530167e-10
0,4,False,2,5,5,1.418811734765768e-10
0,5,False,2,6,6,-1.127773430198431e-10
0,6,False,2,7,7,8.185452315956354e-11
0,7,False,2,8,8,0.0
0,8,False,2,9,9,-1.0550138540565968e-10
0,9,False,2,10,10,-4.001776687800884e-11
0,10,False,2,11,11,7.275957614183426e-12
0,11,False,2,12,12,-8.003553375601768e-11
0,12,False,2,13,13,-1.418811734765768e-10
0,13,False,2,14,14,-1.964508555829525e-10
0,14,False,2,15,15,-1.8553691916167736e-10
0,15,False,2,16,16,-2.6557245291769505e-10
0,16,False,2,17,17,-1.0913936421275139e-10
0,17,False,2,18,18,-1.5279510989785194e-10
1,0,False,2,1,1,-6.998845947236987e-12
1,1,False,2,2,2,-1.1687006917782128e-10
1,2,False,2,3,3,9.094947017729282e-13
1,3,False,2,4,4,-8.913048077374697e-11
1,4,False,2,5,5,6.548361852765083e-11
1,5,False,2,6,6,-1.000444171950221e-10
1,6,False,2,7,7,8.913048077374697e-11
1,7,False,2,8,8,5.820766091346741e-11
1,8,False,2,9,9,-9.458744898438454e-11
1,9,False,2,10,10,-5.093170329928398e-11
1,10,False,2,11,11,2.9103830456733704e-11
1,11,False,2,12,12,-1.0186340659856796e-10
1,12,False,2,13,13,-1.6370904631912708e-10
1,13,False,2,14,14,-1.4915713109076023e-10
1,14,False,2,15,15,-2.1100277081131935e-10
1,15,False,2,16,16,-2.510205376893282e-10
1,16,False,2,17,17,-1.1641532182693481e-10
1,17,False,2,18,18,-1.6007106751203537e-10
2,0,False,2,1,1,-7.599965101690032e-11
2,1,False,2,2,2,-2.801243681460619e-10
2,2,False,2,3,3,-5.4569682106375694e-11
2,3,False,2,4,4,-3.456079866737127e-11
2,4,False,2,5,5,1.291482476517558e-10
2,5,False,2,6,6,-9.094947017729282e-11
2,6,False,2,7,7,1.6189005691558123e-10
2,7,False,2,8,8,4.729372449219227e-11
2,8,False,2,9,9,-5.093170329928398e-11
2,9,False,2,10,10,-8.731149137020111e-11
2,10,False,2,11,11,4.001776687800884e-11
2,11,False,2,12,12,-6.184563972055912e-11
2,12,False,2,13,13,-1.418811734765768e-10
2,13,False,2,14,14,-1.5643308870494366e-10
2,14,False,2,15,15,-2.000888343900442e-10
2,15,False,2,16,16,-3.2378011383116245e-10
2,16,False,2,17,17,-1.2369127944111824e-10
2,17,False,2,18,18,-8.731149137020111e-11
3,0,False,2,1,1,4.6995296543173026e-11
3,1,False,2,2,2,-1.5006662579253316e-10
3,2,False,2,3,3,-1.3096723705530167e-10
3,3,False,2,4,4,-1.0368239600211382e-10
3,4,False,2,5,5,8.185452315956354e-11
3,5,False,2,6,6,-1.0550138540565968e-10
3,6,False,2,7,7,9.094947017729282e-12
3,7,False,2,8,8,-4.001776687800884e-11
3,8,False,2,9,9,-1.4551915228366852e-11
3,9,False,2,10,10,-3.2741809263825417e-11
3,10,False,2,11,11,7.275957614183426e-12
3,11,False,2,12,12,-1.0913936421275139e-10
3,12,False,2,13,13,-1.8917489796876907e-10
3,13,False,2,14,14,-1.8553691916167736e-10
3,14,False,2,15,15,-1.8917489796876907e-10
3,15,False,2,16,16,-2.4374458007514477e-10
3,16,False,2,17,17,-2.9103830456733704e-11
3,17,False,2,18,18,-5.093170329928398e-11
4,0,False,2,1,1,6.301092980720568e-11
4,1,False,2,2,2,-2.0691004465334117e-10
4,2,False,2,3,3,-8.185452315956354e-12
4,3,False,2,4,4,-1.6552803572267294e-10
4,4,False,2,5,5,1.9826984498649836e-10
4,5,False,2,6,6,-7.821654435247183e-11
4,6,False,2,7,7,1.0732037480920553e-10
4,7,False,2,8,8,3.637978807091713e-11
4,8,False,2,9,9,-9.094947017729282e-11
4,9,False,2,10,10,-1.8189894035458565e-11
4,10,False,2,11,11,6.184563972055912e-11
4,11,False,2,12,12,-1.2732925824820995e-10
4,12,False,2,13,13,-1.127773430198431e-10
4,13,False,2,14,14,-2.000888343900442e-10
4,14,False,2,15,15,-2.000888343900442e-10
4,15,False,2,16,16,-2.000888343900442e-10
4,16,False,2,17,17,-2.9103830456733704e-11
4,17,False,2,18,18,1.5279510989785194e-10
5,0,False,2,1,1,-5.695710569852963e-11
5,1,False,2,2,2,-5.2295945351943374e-11
5,2,False,2,3,3,9.094947017729282e-12
5,3,False,2,4,4,-1.0550138540565968e-10
5,4,False,2,5,5,6.366462912410498e-11
5,5,False,2,6,6,-8.913048077374697e-11
5,6,False,2,7,7,1.6916601452976465e-10
5,7,False,2,8,8,3.637978807091713e-11
5,8,False,2,9,9,-9.094947017729282e-11
5,9,False,2,10,10,-5.4569682106375694e-11
5,10,False,2,11,11,1.8189894035458565e-11
5,11,False,2,12,12,-6.548361852765083e-11
5,12,False,2,13,13,-8.003553375601768e-11
5,13,False,2,14,14,-2.4010660126805305e-10
5,14,False,2,15,15,-1.2732925824820995e-10
5,15,False,2,16,16,-6.184563972055912e-11
5,16,False,2,17,17,1.7462298274040222e-10
5,17,False,2,18,18,2.764863893389702e-10
6,0,False,2,1,1,-7.497646947740577e-11
6,1,False,2,2,2,-2.3919710656628013e-10
6,2,False,2,3,3,-6.366462912410498e-12
6,3,False,2,4,4,-1.0550138540565968e-10
6,4,False,2,5,5,1.6916601452976465e-10
6,5,False,2,6,6,-1.1823431123048067e-10
6,6,False,2,7,7,1.1095835361629725e-10
6,7,False,2,8,8,3.2741809263825417e-11
6,8,False,2,9,9,-4.3655745685100555e-11
6,9,False,2,10,10,-1.2369127944111824e-10
6,10,False,2,11,11,0.0
6,11,False,2,12,12,-1.4551915228366852e-11
6,12,False,2,13,13,-1.673470251262188e-10
6,13,False,2,14,14,-1.2732925824820995e-10
6,14,False,2,15,15,-1.1641532182693481e-10
6,15,False,2,16,16,3.637978807091713e-12
6,16,False,2,17,17,2.9103830456733704e-10
6,17,False,2,18,18,4.874891601502895e-10
7,0,False,2,1,1,3.399236447876319e-11
7,1,False,2,2,2,-1.8098944565281272e-10
7,2,False,2,3,3,2.9103830456733704e-11
7,3,False,2,4,4,-9.458744898438454e-11
7,4,False,2,5,5,1.7826096154749393e-10
7,5,False,2,6,6,-3.456079866737127e-11
7,6,False,2,7,7,1.4733814168721437e-10
7,7,False,2,8,8,-8.731149137020111e-11
7,8,False,2,9,9,-3.2741809263825417e-11
7,9,False,2,10,10,-1.8189894035458565e-11
7,10,False,2,11,11,5.820766091346741e-11
7,11,False,2,12,12,-3.637978807091713e-11
7,12,False,2,13,13,-1.382431946694851e-10
7,13,False,2,14,14,-5.4569682106375694e-11
7,14,False,2,15,15,-1.4551915228366852e-11
7,15,False,2,16,16,1.3460521586239338e-10
7,16,False,2,17,17,4.729372449219227e-10
7,17,False,2,18,18,7.494236342608929e-10
8,0,False,2,1,1,-2.8990143619012088e-11
8,1,False,2,2,2,-1.3324097380973399e-10
8,2,False,2,3,3,-7.457856554538012e-11
8,3,False,2,4,4,-2.1645973902195692e-10
8,4,False,2,5,5,6.002665031701326e-11
8,5,False,2,6,6,-4.18367562815547e-11
8,6,False,2,7,7,1.709850039333105e-10
8,7,False,2,8,8,3.637978807091713e-11
8,8,False,2,9,9,-2.1827872842550278e-11
8,9,False,2,10,10,-1.5279510989785194e-10
8,10,False,2,11,11,-4.729372449219227e-11
8,11,False,2,12,12,-1.0913936421275139e-10
8,12,False,2,13,13,-8.003553375601768e-11
8,13,False,2,14,14,-1.0550138540565968e-10
8,14,False,2,15,15,4.729372449219227e-11
8,15,False,2,16,16,1.127773430198431e-10
8,16,False,2,17,17,4.874891601502895e-10
8,17,False,2,18,18,9.458744898438454e-10
9,0,False,2,1,1,3.89945853385143e-11
9,1,False,2,2,2,-2.34194885706529e-10
9,2,False,2,3,3,1.000444171950221e-11
9,3,False,2,4,4,-1.4733814168721437e-10
9,4,False,2,5,5,1.3460521586239338e-10
9,5,False,2,6,6,-1.3278622645884752e-10
9,6,False,2,7,7,1.5279510989785194e-10
9,7,False,2,8,8,-4.001776687800884e-11
9,8,False,2,9,9,-5.093170329928398e-11
9,9,False,2,10,10,-5.4569682106375694e-11
9,10,False,2,11,11,4.729372449219227e-11
9,11,False,2,12,12,-2.9103830456733704e-11
9,12,False,2,13,13,-9.094947017729282e-11
9,13,False,2,14,14,-3.637978807091713e-12
9,14,False,2,15,15,6.184563972055912e-11
9,15,False,2,16,16,2.4374458007514477e-10
9,16,False,2,17,17,6.475602276623249e-10
9,17,False,2,18,18,9.74978320300579e-10
10,0,False,2,1,1,2.205524651799351e-11
10,1,False,2,2,2,-9.413270163349807e-11
10,2,False,2,3,3,5.820766091346741e-11
10,3,False,2,4,4,-1.2732925824820995e-10
10,4,False,2,5,5,1.2005330063402653e-10
10,5,False,2,6,6,-4.9112713895738125e-11
10,6,False,2,7,7,1.8189894035458565e-11
10,7,False,2,8,8,-5.4569682106375694e-11
10,8,False,2,9,9,-8.36735125631094e-11
10,9,False,2,10,10,-4.729372449219227e-11
10,10,False,2,11,11,3.637978807091713e-11
10,11,False,2,12,12,-1.1641532182693481e-10
10,12,False,2,13,13,-3.637978807091713e-11
10,13,False,2,14,14,-6.912159733474255e-11
10,14,False,2,15,15,8.36735125631094e-11
10,15,False,2,16,16,2.2919266484677792e-10
10,16,False,2,17,17,6.83940015733242e-10
10,17,False,2,18,18,1.025910023599863e-09
11,0,False,2,1,1,-3.296918293926865e-11
11,1,False,2,2,2,-8.640199666842818e-11
11,2,False,2,3,3,-1.0913936421275139e-11
11,3,False,2,4,4,-9.094947017729282e-11
11,4,False,2,5,5,1.800799509510398e-10
11,5,False,2,6,6,-1.3642420526593924e-10
11,6,False,2,7,7,1.0186340659856796e-10
11,7,False,2,8,8,-5.820766091346741e-11
11,8,False,2,9,9,-1.6007106751203537e-10
11,9,False,2,10,10,-1.709850039333105e-10
11,10,False,2,11,11,2.1827872842550278e-11
11,11,False,2,12,12,-4.001776687800884e-11
11,12,False,2,13,13,-1.0186340659856796e-10
11,13,False,2,14,14,-6.184563972055912e-11
11,14,False,2,15,15,-2.546585164964199e-11
11,15,False,2,16,16,1.8189894035458565e-10
11,16,False,2,17,17,5.820766091346741e-10
11,17,False,2,18,18,8.585629984736443e-10
12,0,False,2,1,1,3.501554601825774e-11
12,1,False,2,2,2,-1.9463186617940664e-10
12,2,False,2,3,3,-1.737134880386293e-10
12,3,False,2,4,4,-1.6552803572267294e-10
12,4,False,2,5,5,1.8735590856522322e-10
12,5,False,2,6,6,-1.000444171950221e-10
12,6,False,2,7,7,6.912159733474255e-11
12,7,False,2,8,8,-4.3655745685100555e-11
12,8,False,2,9,9,-1.418811734765768e-10
12,9,False,2,10,10,-6.548361852765083e-11
12,10,False,2,11,11,-1.4551915228366852e-11
12,11,False,2,12,12,-1.418811734765768e-10
12,12,False,2,13,13,-5.820766091346741e-11
12,13,False,2,14,14,-1.0186340659856796e-10
12,14,False,2,15,15,-9.822542779147625e-11
12,15,False,2,16,16,1.964508555829525e-10
12,16,False,2,17,17,3.92901711165905e-10
12,17,False,2,18,18,7.057678885757923e-10
13,0,False,2,1,1,0.0
13,1,False,2,2,2,-1.6279955161735415e-10
13,2,False,2,3,3,-4.9112713895738125e-11
13,3,False,2,4,4,-1.3460521586239338e-10
13,4,False,2,5,5,1.509761204943061e-10
13,5,False,2,6,6,-1.2732925824820995e-11
13,6,False,2,7,7,2.1827872842550278e-10
13,7,False,2,8,8,1.4551915228366852e-11
13,8,False,2,9,9,-1.0550138540565968e-10
13,9,False,2,10,10,-7.639755494892597e-11
13,10,False,2,11,11,7.275957614183426e-12
13,11,False,2,12,12,-1.2732925824820995e-10
13,12,False,2,13,13,-4.729372449219227e-11
13,13,False,2,14,14,-1.2005330063402653e-10
13,14,False,2,15,15,-1.0550138540565968e-10
13,15,False,2,16,16,-2.1827872842550278e-11
13,16,False,2,17,17,2.9103830456733704e-10
13,17,False,2,18,18,4.2928149923682213e-10
14,0,False,2,1,1,9.5042196335271e-11
14,1,False,2,2,2,-1.1186784831807017e-10
14,2,False,2,3,3,2.7284841053187847e-12
14,3,False,2,4,4,-1.255102688446641e-10
14,4,False,2,5,5,1.3278622645884752e-10
14,5,False,2,6,6,-1.2187229003757238e-10
14,6,False,2,7,7,8.36735125631094e-11
14,7,False,2,8,8,-1.0550138540565968e-10
14,8,False,2,9,9,-2.1827872842550278e-11
14,9,False,2,10,10,-1.0913936421275139e-10
14,10,False,2,11,11,3.2741809263825417e-11
14,11,False,2,12,12,-1.382431946694851e-10
14,12,False,2,13,13,-1.1641532182693481e-10
14,13,False,2,14,14,-1.2005330063402653e-10
14,14,False,2,15,15,-1.9281287677586079e-10
14,15,False,2,16,16,-8.731149137020111e-11
14,16,False,2,17,17,1.0913936421275139e-10
14,17,False,2,18,18,2.9103830456733704e-10
15,0,False,2,1,1,-6.59383658785373e-11
15,1,False,2,2,2,-2.255546860396862e-10
15,2,False,2,3,3,-1.8189894035458565e-11
15,3,False,2,4,4,-1.3460521586239338e-10
15,4,False,2,5,5,5.820766091346741e-11
15,5,False,2,6,6,-3.456079866737127e-11
15,6,False,2,7,7,1.2005330063402653e-10
15,7,False,2,8,8,-9.458744898438454e-11
15,8,False,2,9,9,-5.820766091346741e-11
15,9,False,2,10,10,-1.3096723705530167e-10
15,10,False,2,11,11,1.4551915228366852e-11
15,11,False,2,12,12,-1.382431946694851e-10
15,12,False,2,13,13,-1.709850039333105e-10
15,13,False,2,14,14,-1.4915713109076023e-10
15,14,False,2,15,15,-2.219167072325945e-10
15,15,False,2,16,16,-1.382431946694851e-10
15,16,False,2,17,17,-5.820766091346741e-11
15,17,False,2,18,18,1.1641532182693481e-10
16,0,False,2,1,1,-4.092726157978177e-12
16,1,False,2,2,2,-1.2641976354643703e-10
16,2,False,2,3,3,7.639755494892597e-11
16,3,False,2,4,4,-1.2005330063402653e-10
16,4,False,2,5,5,1.3278622645884752e-10
16,5,False,2,6,6,7.821654435247183e-11
16,6,False,2,7,7,-1.4551915228366852e-11
16,7,False,2,8,8,-1.2005330063402653e-10
16,8,False,2,9,9,-1.4915713109076023e-10
16,9,False,2,10,10,-9.458744898438454e-11
16,10,False,2,11,11,1.4551915228366852e-11
16,11,False,2,12,12,-5.093170329928398e-11
16,12,False,2,13,13,-8.003553375601768e-11
16,13,False,2,14,14,-1.5279510989785194e-10
16,14,False,2,15,15,-1.9281287677586079e-10
16,15,False,2,16,16,-1.1641532182693481e-10
16,16,False,2,17,17,-1.382431946694851e-10
16,17,False,2,18,18,2.9103830456733704e-11
17,0,False,2,1,1,5.5933924159035087e-11
17,1,False,2,2,2,-6.093614501878619e-11
17,2,False,2,3,3,4.9112713895738125e-11
17,3,False,2,4,4,1.8189894035458565e-12
17,4,False,2,5,5,1.673470251262188e-10
17,5,False,2,6,6,-7.09405867382884e-11
17,6,False,2,7,7,3.637978807091713e-12
17,7,False,2,8,8,-5.820766091346741e-11
17,8,False,2,9,9,4.001776687800884e-11
17,9,False,2,10,10,-9.094947017729282e-11
17,10,False,2,11,11,-1.8189894035458565e-11
17,11,False,2,12,12,-1.3096723705530167e-10
17,12,False,2,13,13,-3.2741809263825417e-11
17,13,False,2,14,14,-1.8553691916167736e-10
17,14,False,2,15,15,-2.2919266484677792e-10
17,15,False,2,16,16,-1.5279510989785194e-10
17,16,False,2,17,17,-6.548361852765083e-11
17,17,False,2,18,18,-2.9103830456733704e-11
18,0,False,2,1,1,-3.3651303965598345e-11
18,1,False,2,2,2,-1.0368239600211382e-10
18,2,False,2,3,3,-5.4569682106375694e-12
18,3,False,2,4,4,-3.456079866737127e-11
18,4,False,2,5,5,5.4569682106375694e-12
18,5,False,2,6,6,-8.003553375601768e-11
18,6,False,2,7,7,7.639755494892597e-11
18,7,False,2,8,8,-8.003553375601768e-11
18,8,False,2,9,9,-1.1641532182693481e-10
18,9,False,2,10,10,-1.709850039333105e-10
18,10,False,2,11,11,-6.912159733474255e-11
18,11,False,2,12,12,-1.8189894035458565e-11
18,12,False,2,13,13,-5.093170329928398e-11
18,13,False,2,14,14,-1.7826096154749393e-10
18,14,False,2,15,15,-1.9281287677586079e-10
18,15,False,2,16,16,-2.255546860396862e-10
18,16,False,2,17,17,-1.6007106751203537e-10
18,17,False,2,18,18,-4.6711647883057594e-09
19,0,False,2,1,1,3.637978807091713e-12
19,1,False,2,2,2,-8.36735125631094e-11
19,2,False,2,3,3,1.6370904631912708e-11
19,3,False,2,4,4,-4.9112713895738125e-11
19,4,False,2,5,5,1.418811734765768e-10
19,5,False,2,6,6,-7.275957614183426e-12
19,6,False,2,7,7,-6.184563972055912e-11
19,7,False,2,8,8,-1.418811734765768e-10
19,8,False,2,9,9,-9.094947017729282e-11
19,9,False,2,10,10,-6.548361852765083e-11
19,10,False,2,11,11,1.8189894035458565e-11
19,11,False,2,12,12,-1.4915713109076023e-10
19,12,False,2,13,13,-8.731149137020111e-11
19,13,False,2,14,14,-1.6370904631912708e-10
19,14,False,2,15,15,-2.546585164964199e-10
19,15,False,2,16,16,-1.7462298274040222e-10
19,16,False,2,17,17,-1.382431946694851e-10
19,17,True,2,18,18,-2.2364110918715596e-07
20,0,False,2,1,1,2.9103830456733704e-11
20,1,False,2,2,2,-1.0913936421275139e-10
20,2,False,2,3,3,4.18367562815547e-11
20,3,False,2,4,4,-5.4569682106375694e-11
20,4,False,2,5,5,9.276845958083868e-11
20,5,False,2,6,6,3.637978807091713e-12
20,6,False,2,7,7,-3.637978807091713e-11
20,7,False,2,8,8,3.637978807091713e-11
20,8,False,2,9,9,-5.820766091346741e-11
20,9,False,2,10,10,-1.4915713109076023e-10
20,10,False,2,11,11,-3.2741809263825417e-11
20,11,False,2,12,12,-9.458744898438454e-11
20,12,False,2,13,13,-7.275957614183426e-11
20,13,False,2,14,14,-1.709850039333105e-10
20,14,False,2,15,15,-2.255546860396862e-10
20,15,False,2,16,16,-1.382431946694851e-10
20,16,False,2,17,17,-1.1641532182693481e-10
20,17,True,2,18,18,-3.215963806724176e-05
21,0,False,2,1,1,7.003109203651547e-11
21,1,False,2,2,2,-1.127773430198431e-10
21,2,False,2,3,3,-1.8189894035458565e-11
21,3,False,2,4,4,-6.912159733474255e-11
21,4,False,2,5,5,7.457856554538012e-11
21,5,False,2,6,6,-5.4569682106375694e-11
21,6,False,2,7,7,8.36735125631094e-11
21,7,False,2,8,8,-5.4569682106375694e-11
21,8,False,2,9,9,1.4551915228366852e-11
21,9,False,2,10,10,-7.639755494892597e-11
21,10,False,2,11,11,1.4551915228366852e-11
21,11,False,2,12,12,-1.0913936421275139e-10
21,12,False,2,13,13,2.1827872842550278e-11
21,13,False,2,14,14,-9.094947017729282e-11
21,14,False,2,15,15,-1.8917489796876907e-10
21,15,False,2,16,16,-1.6007106751203537e-10
21,16,False,2,17,17,-1.1641532182693481e-10
21,17,True,2,18,19,0.006186655555211473
22,0,False,2,1,1,-1.0095391189679503e-10
22,1,False,2,2,2,-1.4915713109076023e-10
22,2,False,2,3,3,-7.639755494892597e-11
22,3,False,2,4,4,-1.8189894035458565e-12
22,4,False,2,5,5,1.546140993013978e-10
22,5,False,2,6,6,-1.0913936421275139e-11
22,6,False,2,7,7,-4.3655745685100555e-11
22,7,False,2,8,8,-4.729372449219227e-11
22,8,False,2,9,9,-6.548361852765083e-11
22,9,False,2,10,10,-1.5279510989785194e-10
22,10,False,2,11,11,-6.912159733474255e-11
22,11,False,2,12,12,-1.418811734765768e-10
22,12,False,2,13,13,-1.418811734765768e-10
22,13,False,2,14,14,-1.5643308870494366e-10
22,14,False,2,15,15,-2.3283064365386963e-10
22,15,False,2,16,16,-2.4010660126805305e-10
22,16,False,2,17,17,-1.4551915228366852e-10
22,17,True,2,19,20,-0.3420950306535815
23,0,False,2,1,1,-7.275957614183426e-12
23,1,False,2,2,2,-1.673470251262188e-10
23,2,False,2,3,3,-7.821654435247183e-11
23,3,False,2,4,4,-1.2732925824820995e-11
23,4,False,2,5,5,4.18367562815547e-11
23,5,False,2,6,6,1.127773430198431e-10
23,6,False,2,7,7,2.9103830456733704e-11
23,7,False,2,8,8,0.0
23,8,False,2,9,9,-7.275957614183426e-12
23,9,False,2,10,10,-1.382431946694851e-10
23,10,False,2,11,11,-8.36735125631094e-11
23,11,False,2,12,12,-6.912159733474255e-11
23,12,False,2,13,13,-6.184563972055912e-11
23,13,False,2,14,14,-1.709850039333105e-10
23,14,False,2,15,15,-2.255546860396862e-10
23,15,False,2,16,16,-1.8917489796876907e-10
23,16,True,2,17,17,-3.346940502524376e-10
23,17,True,2,20,21,-16.213430977237294
24,0,False,2,1,1,-6.002665031701326e-11
24,1,False,2,2,2,-1.9463186617940664e-10
24,2,False,2,3,3,-9.640643838793039e-11
24,3,False,2,4,4,-2.000888343900442e-11
24,4,False,2,5,5,2.7284841053187847e-11
24,5,False,2,6,6,4.3655745685100555e-11
24,6,False,2,7,7,5.093170329928398e-11
24,7,False,2,8,8,3.637978807091713e-12
24,8,False,2,9,9,-1.3460521586239338e-10
24,9,False,2,10,10,-1.127773430198431e-10
24,10,False,2,11,11,-9.822542779147625e-11
24,11,False,2,12,12,-1.0913936421275139e-11
24,12,False,2,13,13,-6.912159733474255e-11
24,13,False,2,14,14,-1.382431946694851e-10
24,14,False,2,15,15,-1.2369127944111824e-10
24,15,False,2,16,16,-1.673470251262188e-10
24,16,True,2,17,17,-5.595939001068473e-08
25,0,False,2,1,1,-2.1827872842550278e-11
25,1,False,2,2,2,-8.003553375601768e-11
25,2,False,2,3,3,7.275957614183426e-12
25,3,False,2,4,4,3.092281986027956e-11
25,4,False,2,5,5,-1.0913936421275139e-11
25,5,False,2,6,6,1.1641532182693481e-10
25,6,False,2,7,7,-5.820766091346741e-11
25,7,False,2,8,8,-4.3655745685100555e-11
25,8,False,2,9,9,1.0913936421275139e-11
25,9,False,2,10,10,-1.0186340659856796e-10
25,10,False,2,11,11,-4.729372449219227e-11
25,11,False,2,12,12,-6.912159733474255e-11
25,12,False,2,13,13,-7.639755494892597e-11
25,13,False,2,14,14,-1.8189894035458565e-10
25,14,False,2,15,15,-1.3096723705530167e-10
25,15,False,2,16,16,-1.382431946694851e-10
25,16,True,2,17,18,3.161125641781837e-05
26,0,False,2,1,1,3.637978807091713e-12
26,1,False,2,2,2,-2.6193447411060333e-10
26,2,False,2,3,3,-1.8189894035458565e-11
26,3,False,2,4,4,-6.730260793119669e-11
26,4,False,2,5,5,3.637978807091713e-12
26,5,False,2,6,6,1.0186340659856796e-10
26,6,False,2,7,7,-1.2369127944111824e-10
26,7,False,2,8,8,-1.8189894035458565e-11
26,8,False,2,9,9,-8.731149137020111e-11
26,9,False,2,10,10,-1.4551915228366852e-10
26,10,False,2,11,11,-1.0913936421275139e-10
26,11,False,2,12,12,-7.275957614183426e-12
26,12,False,2,13,13,-1.418811734765768e-10
26,13,False,2,14,14,-1.8189894035458565e-10
26,14,False,2,15,15,-2.0372681319713593e-10
26,15,False,2,16,16,-1.7462298274040222e-10
26,16,True,2,18,19,-0.023849830598919652
27,0,False,2,1,1,-1.4370016288012266e-10
27,1,False,2,2,2,-1.2732925824820995e-10
27,2,False,2,3,3,-1.255102688446641e-10
27,3,False,2,4,4,-3.456079866737127e-11
27,4,False,2,5,5,-1.0913936421275139e-11
27,5,False,2,6,6,1.2369127944111824e-10
27,6,False,2,7,7,-1.0913936421275139e-10
27,7,False,2,8,8,-5.093170329928398e-11
27,8,False,2,9,9,-9.822542779147625e-11
27,9,False,2,10,10,-7.275957614183426e-11
27,10,False,2,11,11,-1.5279510989785194e-10
27,11,False,2,12,12,-5.093170329928398e-11
27,12,False,2,13,13,-1.2732925824820995e-10
27,13,False,2,14,14,-2.3283064365386963e-10
27,14,False,2,15,15,-1.964508555829525e-10
27,15,True,2,16,16,-1.5279510989785194e-10
27,16,True,2,19,20,-2.5078783917269902
28,0,False,2,1,1,-4.8203219193965197e-11
28,1,False,2,2,2,-2.546585164964199e-10
28,2,False,2,3,3,6.184563972055912e-11
28,3,False,2,4,4,1.8189894035458565e-12
28,4,False,2,5,5,-3.2741809263825417e-11
28,5,False,2,6,6,1.127773430198431e-10
28,6,False,2,7,7,-5.4569682106375694e-11
28,7,False,2,8,8,-2.546585164964199e-11
28,8,False,2,9,9,-1.418811734765768e-10
28,9,False,2,10,10,-1.0550138540565968e-10
28,10,False,2,11,11,-1.4551915228366852e-10
28,11,False,2,12,12,-4.001776687800884e-11
28,12,False,2,13,13,-1.6007106751203537e-10
28,13,False,2,14,14,-2.6921043172478676e-10
28,14,False,2,15,15,-1.382431946694851e-10
28,15,True,2,16,16,-1.8480932340025902e-09
28,16,True,2,19,21,4.984345616023347
29,0,False,2,1,1,-7.09405867382884e-11
29,1,False,2,2,2,-1.6370904631912708e-11
29,2,False,2,3,3,3.456079866737127e-11
29,3,False,2,4,4,-5.4569682106375694e-12
29,4,False,2,5,5,-1.2732925824820995e-10
29,5,False,2,6,6,9.822542779147625e-11
29,6,False,2,7,7,-5.820766091346741e-11
29,7,False,2,8,8,3.2741809263825417e-11
29,8,False,2,9,9,-9.458744898438454e-11
29,9,False,2,10,10,-1.8189894035458565e-11
29,10,False,2,11,11,-1.6370904631912708e-10
29,11,False,2,12,12,-1.2732925824820995e-10
29,12,False,2,13,13,-1.3096723705530167e-10
29,13,False,2,14,14,-2.473825588822365e-10
29,14,False,2,15,15,-1.382431946694851e-10
29,15,True,2,16,17,-3.04292916553095e-06
30,0,False,2,1,1,-1.291482476517558e-10
30,1,False,2,2,2,-1.3460521586239338e-10
30,2,False,2,3,3,-5.638867150992155e-11
30,3,False,2,4,4,-4.729372449219227e-11
30,4,False,2,5,5,-7.275957614183426e-11
30,5,False,2,6,6,2.219167072325945e-10
30,6,False,2,7,7,0.0
30,7,False,2,8,8,8.36735125631094e-11
30,8,False,2,9,9,-3.2741809263825417e-11
30,9,False,2,10,10,-1.8189894035458565e-11
30,10,False,2,11,11,-1.0913936421275139e-10
30,11,False,2,12,12,-9.094947017729282e-11
30,12,False,2,13,13,-1.382431946694851e-10
30,13,False,2,14,14,-2.6921043172478676e-10
30,14,True,2,15,15,-1.5279510989785194e-10
30,15,True,2,17,19,0.00948956126376288
31,0,False,2,1,1,-2.7284841053187847e-11
31,1,False,2,2,2,-1.2732925824820995e-10
31,2,False,2,3,3,9.094947017729282e-12
31,3,False,2,4,4,-2.9103830456733704e-11
31,4,False,2,5,5,-5.093170329928398e-11
31,5,False,2,6,6,1.964508555829525e-10
31,6,False,2,7,7,-6.548361852765083e-11
31,7,False,2,8,8,-1.4551915228366852e-11
31,8,False,2,9,9,-1.964508555829525e-10
31,9,False,2,10,10,-3.2741809263825417e-11
31,10,False,2,11,11,-9.458744898438454e-11
31,11,False,2,12,12,-1.8553691916167736e-10
31,12,False,2,13,13,-1.8189894035458565e-10
31,13,False,2,14,14,-2.1827872842550278e-10
31,14,True,2,15,15,-1.5279510989785194e-10
31,15,True,2,18,20,0.10321790572197642
32,0,False,2,1,1,-1.1459633242338896e-10
32,1,False,2,2,2,-1.2732925824820995e-10
32,2,False,2,3,3,-9.094947017729282e-12
32,3,False,2,4,4,-1.1641532182693481e-10
32,4,False,2,5,5,-1.2732925824820995e-10
32,5,False,2,6,6,8.731149137020111e-11
32,6,False,2,7,7,-8.731149137020111e-11
32,7,False,2,8,8,1.0913936421275139e-11
32,8,False,2,9,9,-3.637978807091713e-12
32,9,False,2,10,10,-2.9103830456733704e-11
32,10,False,2,11,11,-1.6370904631912708e-10
32,11,False,2,12,12,-1.2369127944111824e-10
32,12,False,2,13,13,-1.1641532182693481e-10
32,13,False,2,14,14,-1.964508555829525e-10
32,14,True,2,15,16,2.6193447411060333e-09
32,15,True,2,19,21,-1.706704211232136
33,0,False,2,1,1,-1.7462298274040222e-10
33,1,False,2,2,2,-9.276845958083868e-11
33,2,False,2,3,3,-5.4569682106375694e-12
33,3,False,2,4,4,-4.3655745685100555e-11
33,4,False,2,5,5,-6.184563972055912e-11
33,5,False,2,6,6,6.184563972055912e-11
33,6,False,2,7,7,-8.731149137020111e-11
33,7,False,2,8,8,-8.36735125631094e-11
33,8,False,2,9,9,-1.2005330063402653e-10
33,9,False,2,10,10,-2.1827872842550278e-11
33,10,False,2,11,11,-4.001776687800884e-11
33,11,False,2,12,12,-1.5279510989785194e-10
33,12,False,2,13,13,-1.4551915228366852e-10
33,13,False,2,14,14,-1.6007106751203537e-10
33,14,True,2,16,17,-1.753553078742698e-05
34,0,False,2,1,1,-2.1827872842550278e-10
34,1,False,2,2,2,-1.7280399333685637e-10
34,2,False,2,3,3,0.0
34,3,False,2,4,4,-1.0913936421275139e-11
34,4,False,2,5,5,-5.4569682106375694e-11
34,5,False,2,6,6,1.127773430198431e-10
34,6,False,2,7,7,-7.275957614183426e-11
34,7,False,2,8,8,-2.546585164964199e-11
34,8,False,2,9,9,-5.820766091346741e-11
34,9,False,2,10,10,-6.184563972055912e-11
34,10,False,2,11,11,-1.4915713109076023e-10
34,11,False,2,12,12,-1.8189894035458565e-10
34,12,False,2,13,13,-2.0372681319713593e-10
34,13,True,2,14,14,-1.8189894035458565e-10
34,14,True,2,17,19,0.007246466142532881
35,0,False,2,1,1,-1.2187229003757238e-10
35,1,False,2,2,2,-6.002665031701326e-11
35,2,False,2,3,3,-3.637978807091713e-12
35,3,False,2,4,4,1.0913936421275139e-11
35,4,False,2,5,5,-1.8189894035458565e-11
35,5,False,2,6,6,4.3655745685100555e-11
35,6,False,2,7,7,-1.1641532182693481e-10
35,7,False,2,8,8,7.639755494892597e-11
35,8,False,2,9,9,-1.0913936421275139e-11
35,9,False,2,10,10,2.1827872842550278e-11
35,10,False,2,11,11,-5.4569682106375694e-11
35,11,False,2,12,12,-1.2369127944111824e-10
35,12,False,2,13,13,-1.0186340659856796e-10
35,13,True,2,14,14,-1.8917489796876907e-10
35,14,True,2,18,20,-0.2456321632998879
36,0,False,2,1,1,-5.638867150992155e-11
36,1,False,2,2,2,-1.000444171950221e-10
36,2,False,2,3,3,1.0913936421275139e-11
36,3,False,2,4,4,-1.2732925824820995e-10
36,4,False,2,5,5,3.637978807091713e-11
36,5,False,2,6,6,-7.639755494892597e-11
36,6,False,2,7,7,-8.003553375601768e-11
36,7,False,2,8,8,-3.637978807091713e-12
36,8,False,2,9,9,-3.2741809263825417e-11
36,9,False,2,10,10,-3.2741809263825417e-11
36,10,False,2,11,11,0.0
36,11,False,2,12,12,-1.0913936421275139e-10
36,12,False,2,13,13,-1.8189894035458565e-10
36,13,True,2,14,16,1.589578459970653e-07
36,14,True,2,19,21,-11.846124813790084
37,0,False,2,1,1,-4.18367562815547e-11
37,1,False,2,2,2,-7.821654435247183e-11
37,2,False,2,3,3,-1.4551915228366852e-11
37,3,False,2,4,4,-5.820766091346741e-11
37,4,False,2,5,5,4.729372449219227e-11
37,5,False,2,6,6,-3.2741809263825417e-11
37,6,False,2,7,7,-5.093170329928398e-11
37,7,False,2,8,8,-5.093170329928398e-11
37,8,False,2,9,9,-5.820766091346741e-11
37,9,False,2,10,10,-3.637978807091713e-12
37,10,False,2,11,11,-7.275957614183426e-11
37,11,False,2,12,12,-1.3096723705530167e-10
37,12,True,2,13,13,-2.1100277081131935e-10
37,13,True,2,16,17,-0.0008419557343586348
38,0,False,2,1,1,-1.1095835361629725e-10
38,1,False,2,2,2,-7.275957614183426e-11
38,2,False,2,3,3,-8.36735125631094e-11
38,3,False,2,4,4,-9.458744898438454e-11
38,4,False,2,5,5,1.3460521586239338e-10
38,5,False,2,6,6,-8.731149137020111e-11
38,6,False,2,7,7,-4.001776687800884e-11
38,7,False,2,8,8,-5.093170329928398e-11
38,8,False,2,9,9,-4.729372449219227e-11
38,9,False,2,10,10,-1.2732925824820995e-10
38,10,False,2,11,11,-4.3655745685100555e-11
38,11,False,2,12,12,-1.0913936421275139e-10
38,12,True,2,13,13,-1.6007106751203537e-10
38,13,True,2,17,19,-0.022211200557649136
39,0,False,2,1,1,-1.4733814168721437e-10
39,1,False,2,2,2,-1.382431946694851e-10
39,2,False,2,3,3,3.637978807091713e-12
39,3,False,2,4,4,-1.3096723705530167e-10
39,4,False,2,5,5,4.001776687800884e-11
39,5,False,2,6,6,-1.6370904631912708e-10
39,6,False,2,7,7,-5.093170329928398e-11
39,7,False,2,8,8,-4.001776687800884e-11
39,8,False,2,9,9,-1.127773430198431e-10
39,9,False,2,10,10,-2.9103830456733704e-11
39,10,False,2,11,11,-1.0186340659856796e-10
39,11,False,2,12,12,-1.6007106751203537e-10
39,12,True,2,13,15,8.585629984736443e-10
39,13,True,2,18,20,-1.3812137136483216
40,0,False,2,1,1,-1.3642420526593924e-10
40,1,False,2,2,2,2.1827872842550278e-11
40,2,False,2,3,3,-1.0186340659856796e-10
40,3,False,2,4,4,-7.639755494892597e-11
40,4,False,2,5,5,1.2732925824820995e-10
40,5,False,2,6,6,-1.5279510989785194e-10
40,6,False,2,7,7,-8.36735125631094e-11
40,7,False,2,8,8,-2.9103830456733704e-11
40,8,False,2,9,9,3.637978807091713e-12
40,9,False,2,10,10,-5.820766091346741e-11
40,10,False,2,11,11,-8.003553375601768e-11
40,11,True,2,12,12,-1.0186340659856796e-10
40,12,True,2,15,17,-1.1667587386909872e-05
40,13,True,2,19,21,-30.667358216276625
41,0,False,2,1,1,-8.36735125631094e-11
41,1,False,2,2,2,-8.36735125631094e-11
41,2,False,2,3,3,-8.003553375601768e-11
41,3,False,2,4,4,-2.546585164964199e-11
41,4,False,2,5,5,8.36735125631094e-11
41,5,False,2,6,6,-1.2732925824820995e-10
41,6,False,2,7,7,-6.184563972055912e-11
41,7,False,2,8,8,3.637978807091713e-12
41,8,False,2,9,9,-5.4569682106375694e-11
41,9,False,2,10,10,-8.003553375601768e-11
41,10,False,2,11,11,-2.9103830456733704e-11
41,11,True,2,12,12,-1.4551915228366852e-10
41,12,True,2,16,18,-0.0010425497821415775
