r_angstrom,bob_dimensionless
0.5,0.038850529792855366
0.50575,0.03881120188875245
0.5115,0.038747711237541796
0.51725,0.03865999085003445
0.523,0.03854801652681018
0.52875,0.03841180745762055
0.5345,0.03825142670726227
0.54025,0.03806698158413895
0.546,0.037858623888079666
0.55175,0.037626550034357616
0.5575,0.037371001051246994
0.56325,0.03709226244887194
0.569,0.03679066395753872
0.57475,0.036466579134194876
0.5805,0.036120424836131336
0.5862499999999999,0.035752660561528066
0.592,0.035363787656943986
0.59775,0.03495434839236303
0.6035,0.03452492490492763
0.60925,0.03407613801302057
0.615,0.033608645902887486
0.62075,0.033123142690531515
0.6265000000000001,0.03262035686214657
0.63225,0.03210104959689311
0.638,0.03156601297635078
0.64375,0.031016068085508566
0.6495,0.03045206301066758
0.65525,0.029874870740136006
0.661,0.029285386974084955
0.66675,0.028684527850405758
0.6725,0.02807322759386077
0.67825,0.027452436096249595
0.6839999999999999,0.026823116435716395
0.68975,0.02618624234369851
0.6955,0.025542795628364326
0.7012499999999999,0.024893763563697855
0.707,0.02424013625366578
0.71275,0.02358290398114094
0.7185,0.022923054551454908
0.7242500000000001,0.0222615706406082
0.73,0.021599427158280785
0.73575,0.020937588635849522
0.7415,0.0202770066496406
0.74725,0.019618617289614185
0.753,0.01896333868359849
0.75875,0.0183120685870613
0.7645,0.01766568204822374
0.77025,0.01702502915808778
0.776,0.016390932894663368
0.78175,0.015764187070342963
0.7875,0.015145554390983288
0.79325,0.014535764634814326
0.7989999999999999,0.013935512958808054
0.8047500000000001,0.01334545833960317
0.8105,0.012766222155501019
0.8162499999999999,0.012198386915422464
0.8220000000000001,0.011642495140050616
0.82775,0.011099048399679939
0.8335,0.01056850651255428
0.83925,0.010051286906708059
0.845,0.009547764147527877
0.85075,0.009058269632434116
0.8565,0.008583091453245359
0.86225,0.008122474425938626
0.868,0.007676620286661344
0.87375,0.007245688051990255
0.8795,0.006829794540575659
0.88525,0.0064290150524602034
0.891,0.0060433842015277265
0.8967499999999999,0.005672896895723068
0.9025,0.005317509458896168
0.90825,0.004977140887367906
0.9139999999999999,0.004651674233596528
0.9197500000000001,0.004340958108648977
0.9255,0.0040448082945552565
0.9312499999999999,0.0037630094570513194
0.937,0.003495316948702995
0.94275,0.0032414586919528557
0.9485,0.0030011371312488313
0.95425,0.002774031243101636
0.96,0.002559798592679387
0.96575,0.0023580774253862753
0.9715,0.0021684887817885424
0.97725,0.001990638624246892
0.983,0.001824119963690578
0.98875,0.0016685149751243561
0.9944999999999999,0.0015233970906943072
1.0002499999999999,0.0013883330594509915
1.006,0.001262884963335956
1.0117500000000001,0.0011466121793770176
1.0175,0.0010390732786057441
1.02325,0.0009398278528024174
1.029,0.0008484382608244738
1.0347499999999998,0.0007644712869784422
1.0405,0.0006874997046465931
1.0462500000000001,0.000617103739171152
1.052,0.0005528724248240359
1.05775,0.0004944048515412691
1.0635,0.00044131129797093894
1.06925,0.00039321424826385047
1.075,0.00034974929091926096
1.08075,0.000310565898876158
1.0865,0.0002753280909059487
1.09225,0.0002437149752073073
1.0979999999999999,0.000215421176921315
1.10375,0.00019015715206767365
1.1095000000000002,0.00016764939114440999
1.11525,0.00014764051632798028
1.121,0.00012988927685270716
1.12675,0.00011417044773319104
1.1324999999999998,0.00010027463751666203
1.13825,8.800801121080098e-05
1.1440000000000001,7.719193492372779e-05
1.14975,6.76625490747519e-05
1.1555,5.9270277286065664e-05
1.16125,5.187927824648919e-05
1.167,4.536684794911996e-05
1.17275,3.962277974650538e-05
1.1785,3.454868964162177e-05
1.18425,3.0057314143106768e-05
1.19,2.607178786199873e-05
1.1957499999999999,2.2524907818477404e-05
1.2015,1.935839116497009e-05
1.20725,1.652213272119524e-05
1.213,1.3973468362265998e-05
1.21875,1.1676449908207858e-05
1.2245,9.60113673766304e-06
1.2302499999999998,7.722908895849835e-06
1.236,6.021805992721791e-06
1.2417500000000001,4.481895697466306e-06
1.2475,3.090675135624169e-06
1.25325,1.8385079907074894e-06
1.259,7.180996085356699e-07
1.26475,-2.759880953609937e-07
1.2705,-1.1477806122649481e-06
1.27625,-1.9002928601515522e-06
1.282,-2.535888859868129e-06
1.28775,-3.0565991115566734e-06
1.2934999999999999,-3.4643961205862634e-06
1.29925,-3.7614288991919406e-06
1.305,-3.950217616290663e-06
1.31075,-4.0338098817606694e-06
1.3165,-4.015900431474119e-06
1.32225,-3.9009162246565e-06
1.3279999999999998,-3.694069175226201e-06
1.33375,-3.4013789135710847e-06
1.3395000000000001,-3.0296681150554112e-06
1.34525,-2.5865330370877285e-06
1.351,-2.080291978814315e-06
1.35675,-1.5199144177244649e-06
1.3624999999999998,-9.149335872168468e-07
1.36825,-2.7534524026290704e-07
1.374,3.8850470131168046e-07
1.37975,1.066040982590688e-06
1.3855,1.746585799534357e-06
1.3912499999999999,2.4194891067678997e-06
1.397,3.074260154828987e-06
1.40275,3.7006981076559694e-06
1.4085,4.2890197489379196e-06
1.41425,4.829982454074542e-06
1.42,5.315000780559704e-06
1.4257499999999999,5.736255211323083e-06
1.4315,6.086791770759127e-06
1.4372500000000001,6.360611419760776e-06
1.443,6.552748322108742e-06
1.44875,6.659336258227443e-06
1.4545,6.677662641936814e-06
1.4602499999999998,6.6062097698872074e-06
1.466,6.444683100501199e-06
1.4717500000000001,6.19402651826183e-06
1.4775,5.856424689040801e-06
1.48325,5.4352927519738735e-06
1.4889999999999999,4.935253722440291e-06
1.49475,4.362104098419509e-06
1.5005,3.722768268459884e-06
1.50625,3.025242413418831e-06
1.512,2.2785286758774213e-06
1.51775,1.4925604406688022e-06
1.5235,6.781196273905222e-07
1.52925,-1.53253058708308e-07
1.535,-9.893539371574315e-07
1.54075,-1.8174172210080797e-06
1.5465,-2.624219928936951e-06
1.55225,-3.396189824034354e-06
1.558,-4.119515370496877e-06
1.56375,-4.780256716331988e-06
1.5695,-5.364456735371768e-06
1.57525,-5.858251194679802e-06
1.581,-6.24797715308642e-06
1.5867499999999999,-6.520278742357284e-06
1.5925,-6.662209533634175e-06
1.59825,-6.661330747541298e-06
1.604,-6.505804625972791e-06
1.60975,-6.184482346345769e-06
1.6155,-5.686985924301089e-06
1.62125,-5.003783617777684e-06
1.627,-4.126258413413261e-06
1.63275,-3.0467692447063175e-06
1.6385,-1.7587046597214483e-06
1.64425,-2.565287237696478e-07
1.65,1.4641809910648311e-06
1.65575,3.4067034129255885e-06
1.6615,5.573151994456512e-06
1.66725,7.964460714973291e-06
1.673,1.0580377963896111e-05
1.67875,1.3419468154716766e-05
1.6844999999999999,1.6479120868106196e-05
1.69025,1.9755567275740047e-05
1.696,2.3243903553230135e-05
1.7017499999999999,2.6938120951313013e-05
1.7075,3.083114215927453e-05
1.71325,3.4914863563545974e-05
1.719,3.918020297752061e-05
1.72475,4.361715239589502e-05
1.7305,4.821483530821993e-05
1.73625,5.2961568091765365e-05
1.742,5.7844924993190384e-05
1.74775,6.285180620173812e-05
1.7535,6.796850851360432e-05
1.75925,7.318079808761458e-05
1.765,7.847398479620851e-05
1.77075,8.383299768276954e-05
1.7765,8.924246104637107e-05
1.78225,9.468677068782453e-05
1.788,0.00010015016986626073
1.79375,0.00010561682453316835
1.7994999999999999,0.00011107089743059165
1.80525,0.00011649662066183439
1.811,0.00012187836636627903
1.81675,0.00012720071515460714
1.8225,0.00013244852198652732
1.82825,0.0001376069791998907
1.834,0.0001426616764275601
1.83975,0.00014759865716638192
1.8455,0.00015240447179091225
1.85125,0.00015706622683291349
1.857,0.0001615716303759509
1.86275,0.00016590903344244318
1.8685,0.0001700674672781157
1.87425,0.00017403667646580896
1.88,0.00017780714782687722
1.88575,0.00018137013509381326
1.8915,0.00018471767936215815
1.8972499999999999,0.000187842625353099
1.903,0.00019073863354030055
1.90875,0.00019340018821539727
1.9144999999999999,0.00019582260158613565
1.92025,0.00019800201401928903
1.926,0.00019993539055720644
1.93175,0.00020162051385209164
1.9375,0.00020305597367585007
1.94325,0.000204241153175601
1.949,0.00020517621205566613
1.95475,0.0002058620668760857
1.9605,0.00020630036866544737
1.96625,0.0002064934780521028
1.972,0.00020644443812268032
1.97775,0.00020615694522028912
1.9835,0.0002056353178969007
1.98925,0.0002048844642352441
1.9949999999999999,0.00020390984775512446
2.00075,0.00020271745211750862
2.0065,0.0002013137448370333
2.01225,0.00019970564020986914
2.018,0.0001979004616591836
2.0237499999999997,0.0001959059036948778
2.0295,0.00019372999367787294
2.03525,0.00019138105357210095
2.041,0.0001888676618595458
2.0467500000000003,0.0001861986157853362
2.0525,0.0001833828940909738
2.05825,0.0001804296203844957
2.064,0.00017734802728667715
2.06975,0.00017414742148244453
2.0755,0.00017083714979646786
2.08125,0.0001674265664016167
2.0869999999999997,0.00016392500125853677
2.0927499999999997,0.00016034172987419482
2.0985,0.00015668594445686457
2.10425,0.00015296672653473356
2.11,0.0001491930210951717
2.1157500000000002,0.00014537361229177877
2.1215,0.00014151710075660916
2.12725,0.00013763188254556583
2.133,0.00013372612973585802
2.13875,0.00012980777268567015
2.1445,0.00012588448395782983
2.1502499999999998,0.00012196366390130512
2.1559999999999997,0.00011805242787685049
2.16175,0.0001141575951060237
2.1675,0.00011028567911621292
2.17325,0.00010644287974815179
2.1790000000000003,0.00010263507668676658
2.18475,9.886782447102044e-05
2.1905,9.514634893374962e-05
2.19625,9.147554501829936e-05
2.202,8.785997591506111e-05
2.20775,8.430387345778839e-05
2.2135,8.081113971681274e-05
2.2192499999999997,7.738534972398754e-05
2.2249999999999996,7.402975526233064e-05
2.23075,7.074728965191982e-05
2.2365,6.754057346259472e-05
2.2422500000000003,6.4411921083401e-05
2.248,6.136334807849555e-05
2.25375,5.839657925935156e-05
2.2595,5.55130574035777e-05
2.26525,5.271395255144657e-05
2.271,5.0000171812303956e-05
2.27675,4.737236961439026e-05
2.2824999999999998,4.483095833319694e-05
2.2882499999999997,4.2376119235313973e-05
2.294,4.000781367675755e-05
2.29975,3.772579449697966e-05
2.3055,3.552961755213472e-05
2.3112500000000002,3.341865333369932e-05
2.317,3.1392098621161036e-05
2.32275,2.944898812022802e-05
2.3285,2.7588206040813145e-05
2.33425,2.5808497571908203e-05
2.34,2.410848021336639e-05
2.34575,2.2486654927537293e-05
2.3514999999999997,2.09414170766282e-05
2.35725,1.9471067114586272e-05
2.363,1.8073821005196893e-05
2.36875,1.6747820340947984e-05
2.3745000000000003,1.549114214002717e-05
2.38025,1.430180830156329e-05
2.386,1.3177794701902866e-05
2.39175,1.2117039917311101e-05
2.3975,1.111745356099267e-05
2.40325,1.0176924224742454e-05
2.409,9.293327017842348e-06
2.4147499999999997,8.464530698025866e-06
2.4204999999999997,7.688404391418e-06
2.42625,6.962823900333323e-06
2.432,6.285677599669664e-06
2.43775,5.654871924368404e-06
2.4435000000000002,5.068336452027235e-06
2.44925,4.5240285862402215e-06
2.455,4.019937847611252e-06
2.46075,3.5540897806353033e-06
2.4665,3.1245494857720457e-06
2.47225,2.729424787048859e-06
2.4779999999999998,2.3668690464296552e-06
2.4837499999999997,2.0350836369723385e-06
2.4895,1.7323200874767396e-06
2.49525,1.4568819119005528e-06
2.501,1.207126137293963e-06
2.50675,9.814645443842075e-07
2.5125,7.783646352269646e-07
2.51825,5.963503425436813e-07
2.524,4.340024954822631e-07
2.52975,2.8995905658131543e-07
2.5355,1.6291514468867325e-07
2.54125,5.1622858489018e-08
2.547,-4.51090848621979e-08
2.55275,-1.2841588171511495e-07
2.5585,-1.9937733049443296e-07
2.56425,-2.59018663155119e-07
2.57,-3.083115061729326e-07
2.5757499999999998,-3.481749581086028e-07
2.5815,-3.794767712077023e-07
2.58725,-4.030346249495576e-07
2.593,-4.196174799336135e-07
2.59875,-4.2994700098638245e-07
2.6045,-4.346990388826841e-07
2.61025,-4.345051605975532e-07
2.616,-4.2995421853658363e-07
2.62175,-4.215939497290739e-07
2.6275,-4.099325965073942e-07
2.63325,-3.954405407344577e-07
2.639,-3.785519441763073e-07
2.64475,-3.5966638814665054e-07
2.6505,-3.391505060717523e-07
2.65625,-3.173396031362444e-07
2.662,-2.9453925767061207e-07
2.66775,-2.7102689942817276e-07
2.6734999999999998,-2.470533603718197e-07
2.67925,-2.2284439404722021e-07
2.685,-1.9860216005867568e-07
2.69075,-1.7450667058562432e-07
2.6965,-1.5071719628081266e-07
2.70225,-1.2737362927523268e-07
2.708,-1.0459780137935534e-07
2.71375,-8.249475591486576e-08
2.7195,-6.115397193572113e-08
2.72525,-4.0650539902022194e-08
2.731,-2.104628815484064e-08
2.73675,-2.3908598050311847e-09
2.7425,1.5277260105562472e-08
2.74825,3.192976708590989e-08
2.754,4.7547609028613925e-08
2.75975,6.212010691256916e-08
2.7655,7.564412372289014e-08
2.7712499999999998,8.81232807812857e-08
2.777,9.956722054228027e-08
2.78275,1.0999091478876575e-07
2.7885,1.1941401705362753e-07
2.79425,1.2786025800176632e-07
2.8,1.3535688242821953e-07
2.8057499999999997,1.4193412646229874e-07
2.8115,1.4762473351410004e-07
2.81725,1.524635074575561e-07
2.823,1.5648690151273824e-07
2.82875,1.597326412684637e-07
2.8345,1.6223938027389809e-07
2.84025,1.6404638662385785e-07
2.846,1.6519325896626226e-07
2.85175,1.6571967037108908e-07
2.8575,1.656651385173246e-07
2.86325,1.6506882067744715e-07
2.8689999999999998,1.639693320070325e-07
2.87475,1.6240458567974059e-07
2.8805,1.6041165344455678e-07
2.88625,1.5802664522219291e-07
2.892,1.5528460640058423e-07
2.89775,1.5221943153483592e-07
2.9034999999999997,1.4886379320441834e-07
2.90925,1.4524908482949364e-07
2.915,1.4140537629841905e-07
2.92075,1.3736138130962973e-07
2.9265,1.3314443538259605e-07
2.93225,1.287804835443745e-07
2.938,1.2429407674991292e-07
2.94375,1.1970837614565218e-07
2.9495,1.1504516433669934e-07
2.95525,1.1032486286788746e-07
2.961,1.0556655517806591e-07
2.9667499999999998,1.0078801433490989e-07
2.9725,9.600573490421342e-08
2.97825,9.12349683529504e-08
2.984,8.648976142921472e-08
2.98975,8.17829970044513e-08
2.9955,7.712643690401655e-08
3.0012499999999998,7.253076629111981e-08
3.007,6.800563920645234e-08
3.01275,6.355972490132489e-08
3.0185,5.9200754635940944e-08
3.02425,5.493556864642238e-08
3.03,5.077016301450137e-08
3.03575,4.6709736202301684e-08
3.0415,4.2758735041504354e-08
3.04725,3.8920899991294675e-08
3.053,3.519930950303919e-08
3.05875,3.1596423351529446e-08
3.0645,2.8114124812988257e-08
3.07025,2.475376158890109e-08
3.076,2.1516185392120488e-08
3.08175,1.840179012772576e-08
3.0875,1.541054861578121e-08
3.09325,1.2542047816551874e-08
3.0989999999999998,9.795522530912175e-09
3.10475,7.169887559729008e-09
3.1105,4.663768315940066e-09
3.11625,2.275529891952425e-09
3.122,3.3045929423742408e-12
3.12775,-2.1549820463469654e-09
3.1335,-4.201586737527868e-09
3.13925,-6.138925378050718e-09
3.145,-7.969551420445897e-09
3.15075,-9.696135633566564e-09
3.1565,-1.1321447214757547e-08
3.16225,-1.284833620913568e-08
3.168,-1.4279717189969421e-08
3.17375,-1.561855415243082e-08
3.1795,-1.686784657173955e-08
3.18525,-1.8030616575842327e-08
3.191,-1.910989718229913e-08
3.1967499999999998,-2.0108721548859283e-08
3.2025,-2.1030113187357004e-08
3.20825,-2.1877077090927755e-08
3.214,-2.2652591725175773e-08
3.21975,-2.335960183472746e-08
3.2255,-2.4001012017602167e-08
3.2312499999999997,-2.4579681020974815e-08
3.237,-2.5098416713155202e-08
3.24275,-2.555997168799216e-08
3.2485,-2.5967039459361114e-08
3.25425,-2.6322251204909495e-08
3.26,-2.6628173019814557e-08
3.26575,-2.6887303642922268e-08
3.2715,-2.710207261925647e-08
3.27725,-2.727483886454768e-08
3.283,-2.7407889599074167e-08
3.28875,-2.7503439619738928e-08
3.2944999999999998,-2.7563630880941257e-08
3.30025,-2.759053235639436e-08
3.306,-2.7586140155610588e-08
3.31175,-2.755237787030579e-08
3.3175,-2.7491097127481568e-08
3.32325,-2.740407832737629e-08
3.3289999999999997,-2.729303154589442e-08
3.33475,-2.715959758247138e-08
3.3405,-2.7005349135636436e-08
3.34625,-2.683179208978334e-08
3.352,-2.6640366897861115e-08
3.35775,-2.643245004583742e-08
3.3635,-2.620935558587616e-08
3.36925,-2.597233672620327e-08
3.375,-2.5722587466627554e-08
3.38075,-2.5461244269593958e-08
3.3865,-2.518938775754405e-08
3.3922499999999998,-2.4908044428169306e-08
3.398,-2.4618188379927526e-08
3.40375,-2.4320743040925026e-08
3.4095,-2.4016582894943214e-08
3.41525,-2.3706535199029852e-08
3.421,-2.3391381687679325e-08
3.4267499999999997,-2.3071860259162265e-08
3.4325,-2.274866664010057e-08
3.43825,-2.242245602485071e-08
3.444,-2.2093844686695496e-08
3.44975,-2.1763411558269946e-08
3.4555,-2.1431699778996557e-08
3.46125,-2.10992182076783e-08
3.467,-2.0766442898693815e-08
3.47275,-2.0433818540532574e-08
3.4785,-2.0101759855683463e-08
3.48425,-1.9770652961107166e-08
3.4899999999999998,-1.944085668876965e-08
3.49575,-1.9112703865877017e-08
3.5015,-1.878650255466219e-08
3.50725,-1.8462537251705795e-08
3.513,-1.8141070046932477e-08
3.51875,-1.782234174254254e-08
3.5244999999999997,-1.7506572932250515e-08
3.53025,-1.7193965041307954e-08
3.536,-1.6884701327862114e-08
3.54175,-1.6578947846288507e-08
3.5475,-1.6276854373191345e-08
3.55325,-1.597855529682561e-08
3.559,-1.568417047073982e-08
3.56475,-1.5393806032472358e-08
3.5705,-1.510755518817689e-08
3.57625,-1.4825498964057198e-08
3.582,-1.4547706925533198e-08
3.5877499999999998,-1.4274237865058042e-08
3.5935,-1.4005140459515521e-08
3.59925,-1.3740453898141671e-08
3.605,-1.3480208481899052e-08
3.61075,-1.3224426195247682e-08
3.6165,-1.2973121251229448e-08
3.6222499999999997,-1.2726300610797239e-08
3.628,-1.248396447728696e-08
3.63375,-1.2246106766934188e-08
3.6395,-1.2012715556314623e-08
3.64525,-1.1783773507570511e-08
3.651,-1.1559258272275572e-08
3.65675,-1.1339142874759732e-08
3.6625,-1.1123396075709914e-08
3.66825,-1.091198271683115e-08
3.674,-1.0704864047338407e-08
3.67975,-1.0501998033028566e-08
3.6854999999999998,-1.0303339648655882e-08
3.69125,-1.0108841154317032e-08
3.697,-9.91845235653191e-09
3.70275,-9.73212085467775e-09
3.7085,-9.549792273421838e-09
3.71425,-9.371410481769791e-09
3.7199999999999998,-9.196917799328503e-09
3.72575,-9.02625519036305e-09
3.7315,-8.8593624462049e-09
3.73725,-8.696178356546572e-09
3.743,-8.536640870144784e-09
3.74875,-8.380687245430012e-09
3.7544999999999997,-8.22825419149801e-09
3.76025,-8.079277999953347e-09
3.766,-7.933694668040422e-09
3.77175,-7.791440013493486e-09
3.7775,-7.652449781515085e-09
3.78325,-7.516659744273798e-09
3.789,-7.384005793299464e-09
3.79475,-7.254424025137791e-09
3.8005,-7.127850820611586e-09
3.80625,-7.004222918020214e-09
3.812,-6.88347748059372e-09
3.8177499999999998,-6.765552158511128e-09
3.8235,-6.65038514576716e-09
3.82925,-6.537915232174403e-09
3.835,-6.428081850760247e-09
3.84075,-6.320825120817833e-09
3.8465,-6.2160858868534755e-09
3.8522499999999997,-6.113805753662779e-09
3.858,-6.013927117756315e-09
3.86375,-5.916393195350561e-09
3.8695,-5.821148047121613e-09
3.87525,-5.728136599916773e-09
3.881,-5.637304665609266e-09
3.88675,-5.548598957266523e-09
3.8925,-5.461967102804954e-09
3.89825,-5.377357656284241e-09
3.904,-5.294720106995903e-09
3.90975,-5.21400488648891e-09
3.9154999999999998,-5.135163373667893e-09
3.92125,-5.0581478980956e-09
3.927,-4.982911741621909e-09
3.93275,-4.909409138457763e-09
3.9385,-4.837595273802735e-09
3.94425,-4.767426281134412e-09
3.9499999999999997,-4.6988592382591616e-09
3.95575,-4.631852162217737e-09
3.9615,-4.566364003136319e-09
3.96725,-4.5023546371086525e-09
3.973,-4.439784858189787e-09
3.97875,-4.37861636957429e-09
3.9845,-4.318811774036983e-09
3.99025,-4.260334563697468e-09
3.996,-4.203149109177536e-09
4.0017499999999995,-4.1472206482084714e-09
4.0075,-4.092515273747651e-09
4.013249999999999,-4.038999921656755e-09
4.019,-3.9866423579923735e-09
4.02475,-3.935411165955504e-09
4.0305,-3.885275732547148e-09
4.03625,-3.836206234969118e-09
4.042,-3.78817362680959e-09
4.04775,-3.741149624052757e-09
4.0535,-3.695106690943013e-09
4.0592500000000005,-3.6500180257387686e-09
4.0649999999999995,-3.6058575463856466e-09
4.07075,-3.5625998761341623e-09
4.076499999999999,-3.5202203291330375e-09
4.08225,-3.4786948960164893e-09
4.088,-3.438000229512862e-09
4.09375,-3.398113630092315e-09
4.0995,-3.35901303167451e-09
4.10525,-3.3206769874131376e-09
4.111,-3.283084655574623e-09
4.11675,-3.2462157855237333e-09
4.1225000000000005,-3.210050703834125e-09
4.1282499999999995,-3.1745703005314216e-09
4.134,-3.1397560154845207e-09
4.139749999999999,-3.1055898249522628e-09
4.1455,-3.072054228298176e-09
4.15125,-3.039132234878342e-09
4.157,-3.006807351112455e-09
4.16275,-2.975063567744383e-09
4.1685,-2.943885347296699e-09
4.17425,-2.913257611725944e-09
4.18,-2.8831657302846613e-09
4.1857500000000005,-2.8535955075882203e-09
4.1915,-2.8245331718983983e-09
4.19725,-2.795965363617554e-09
4.202999999999999,-2.7678791240028738e-09
4.20875,-2.740261884097058e-09
4.2145,-2.713101453880584e-09
4.22025,-2.686386011643203e-09
4.226,-2.660104093577171e-09
4.23175,-2.6342445835916822e-09
4.2375,-2.6087967033471e-09
4.24325,-2.5837500025103553e-09
4.2490000000000006,-2.5590943492281067e-09
4.25475,-2.534819920818857e-09
4.2605,-2.510917194681049e-09
4.266249999999999,-2.4873769394151446e-09
4.272,-2.464190206158971e-09
4.277749999999999,-2.441348320134327e-09
4.2835,-2.418842872399678e-09
4.28925,-2.396665711811449e-09
4.295,-2.3748089371857304e-09
4.30075,-2.353264889662803e-09
4.3065,-2.3320261452682046e-09
4.312250000000001,-2.3110855076674733e-09
4.318,-2.290436001115076e-09
4.32375,-2.2700708635894327e-09
4.3294999999999995,-2.2499835401138463e-09
4.33525,-2.230167676260701e-09
4.340999999999999,-2.2106171118334133e-09
4.34675,-2.19132587472305e-09
4.3525,-2.172288174939197e-09
4.35825,-2.1534983988071344e-09
4.364,-2.1349511033325886e-09
4.36975,-2.1166410107262844e-09
4.3755,-2.0985630030878185e-09
4.38125,-2.0807121172450976e-09
4.3870000000000005,-2.0630835397450385e-09
4.3927499999999995,-2.045672601991422e-09
4.3985,-2.028474775529043e-09
4.404249999999999,-2.0114856674689522e-09
4.41,-1.994701016050732e-09
4.41575,-1.9781166863417906e-09
4.4215,-1.9617286660654886e-09
4.42725,-1.945533061559673e-09
4.433,-1.92952609385978e-09
4.43875,-1.913704094902827e-09
4.4445,-1.8980635038512978e-09
4.4502500000000005,-1.8826008635329333e-09
4.4559999999999995,-1.867312816991537e-09
4.46175,-1.8521961041494482e-09
4.467499999999999,-1.837247558575563e-09
4.47325,-1.8224641043569907e-09
4.479,-1.8078427530728733e-09
4.48475,-1.7933806008643945e-09
4.4905,-1.779074825603003e-09
4.49625,-1.7649226841485261e-09
4.502,-1.7509215096991144e-09
4.50775,-1.7370687092283841e-09
4.5135,-1.7233617610070797e-09
4.5192499999999995,-1.709798212207379e-09
4.525,-1.6963756765880132e-09
4.53075,-1.683091832255984e-09
4.5365,-1.6699444195039075e-09
4.54225,-1.6569312387216973e-09
4.548,-1.6440501483766375e-09
4.55375,-1.6312990630653664e-09
4.5595,-1.6186759516289113e-09
4.56525,-1.6061788353359077e-09
4.571,-1.5938057861252415e-09
4.57675,-1.5815549249110854e-09
4.5825,-1.569424419946567e-09
4.5882499999999995,-1.5574124852427348e-09
4.594,-1.5455173790446126e-09
4.59975,-1.5337374023586595e-09
4.6055,-1.5220708975333317e-09
4.61125,-1.5105162468875267e-09
4.617,-1.4990718713898342e-09
4.62275,-1.487736229381388e-09
4.6285,-1.4765078153466462e-09
4.63425,-1.4653851587261156e-09
4.64,-1.4543668227712876e-09
4.64575,-1.4434514034409668e-09
4.6514999999999995,-1.4326375283363283e-09
4.65725,-1.4219238556747193e-09
4.663,-1.4113090732996185e-09
4.66875,-1.4007918977259038e-09
4.6745,-1.390371073220174e-09
4.68025,-1.3800453709134693e-09
4.686,-1.3698135879462025e-09
4.69175,-1.3596745466440386e-09
4.6975,-1.3496270937232819e-09
4.70325,-1.33967009952495e-09
4.709,-1.3298024572772942e-09
4.7147499999999996,-1.3200230823833671e-09
4.7205,-1.3103309117370372e-09
4.72625,-1.3007249030603498e-09
4.732,-1.2912040342688895e-09
4.73775,-1.281767302856782e-09
4.7435,-1.2724137253054181e-09
4.74925,-1.2631423365149217e-09
4.755,-1.2539521892534718e-09
4.76075,-1.2448423536290082e-09
4.7665,-1.2358119165792287e-09
4.77225,-1.2268599813803202e-09
4.778,-1.217985667173016e-09
4.7837499999999995,-1.2091881085062722e-09
4.7895,-1.2004664548981428e-09
4.79525,-1.1918198704108103e-09
4.801,-1.1832475332433332e-09
4.80675,-1.1747486353366713e-09
4.8125,-1.1663223819951491e-09
4.81825,-1.1579679915198973e-09
4.824,-1.1496846948569693e-09
4.82975,-1.1414717352568333e-09
4.8355,-1.133328367946844e-09
4.84125,-1.1252538598147463e-09
4.8469999999999995,-1.1172474891052214e-09
4.85275,-1.1093085451247444e-09
4.8585,-1.1014363279586695e-09
4.86425,-1.0936301481979096e-09
4.87,-1.085889326675963e-09
4.87575,-1.078213194212931e-09
4.8815,-1.0706010913719985e-09
4.88725,-1.0630523682211065e-09
4.893,-1.0555663841056904e-09
4.89875,-1.0481425074269237e-09
4.9045,-1.04078011542949e-09
4.91025,-1.033478593995973e-09
4.916,-1.0262373374481564e-09
4.92175,-1.0190557483553464e-09
4.9275,-1.011933237348716e-09
4.93325,-1.0048692229436805e-09
4.939,-9.978631313650083e-10
4.94475,-9.909143963817567e-10
4.9505,-9.840224591441335e-10
4.95625,-9.77186768028262e-10
4.962,-9.704067784845328e-10
4.96775,-9.636819528919704e-10
4.9735,-9.570117604167536e-10
4.9792499999999995,-9.50395676874708e-10
4.985,-9.438331846002338e-10
4.99075,-9.37323772316627e-10
4.9965,-9.308669350132719e-10
5.00225,-9.244621738243028e-10
5.008,-9.181089959125296e-10
5.01375,-9.118069143569973e-10
5.0195,-9.055554480425415e-10
5.02525,-8.993541215540341e-10
5.031,-8.932024650736973e-10
5.03675,-8.87100014281183e-10
5.0424999999999995,-8.810463102563077e-10
5.04825,-8.750408993841545e-10
5.054,-8.690833332659995e-10
5.05975,-8.631731686282798e-10
5.0655,-8.573099672373881e-10
5.07125,-8.514932958157047e-10
5.077,-8.457227259597188e-10
5.08275,-8.399978340614727e-10
5.0885,-8.343182012308139e-10
5.09425,-8.286834132206308e-10
5.1,-8.23093060353502e-10
5.10575,-8.175467374515664e-10
5.1114999999999995,-8.12044043765613e-10
5.11725,-8.06584582909515e-10
5.123,-8.011679627924514e-10
5.12875,-7.957937955565458e-10
5.1345,-7.904616975133059e-10
5.14025,-7.851712890825656e-10
5.146,-7.799221947336889e-10
5.15175,-7.747140429269304e-10
5.1575,-7.695464660562178e-10
5.16325,-7.644191003951901e-10
5.169,-7.593315860412013e-10
5.1747499999999995,-7.542835668639998e-10
5.1805,-7.492746904526719e-10
5.18625,-7.443046080664419e-10
5.192,-7.393729745834769e-10
5.19775,-7.344794484538597e-10
5.2035,-7.296236916516298e-10
5.20925,-7.248053696286803e-10
5.215,-7.200241512682319e-10
5.22075,-7.152797088417947e-10
5.2265,-7.105717179649066e-10
5.23225,-7.058998575538726e-10
5.2379999999999995,-7.012638097844215e-10
5.24375,-6.96663260050571e-10
5.2495,-6.920978969240537e-10
5.25525,-6.875674121152243e-10
5.261,-6.83071500433178e-10
5.26675,-6.786098597491882e-10
5.2725,-6.74182190957821e-10
5.27825,-6.697881979411494e-10
5.284,-6.654275875319241e-10
5.28975,-6.611000694790665e-10
5.2955,-6.568053564117145e-10
5.30125,-6.525431638057499e-10
5.3069999999999995,-6.483132099497923e-10
5.31275,-6.441152159121508e-10
5.3185,-6.399489055083435e-10
5.32425,-6.358140052688022e-10
5.33,-6.317102444075023e-10
5.33575,-6.276373547911302e-10
5.3415,-6.235950709082216e-10
5.34725,-6.195831298391948e-10
5.353,-6.156012712272743e-10
5.35875,-6.116492372482332e-10
5.3645,-6.077267725828843e-10
5.3702499999999995,-6.038336243878136e-10
5.376,-5.999695422686628e-10
5.38175,-5.961342782516398e-10
5.3875,-5.923275867566282e-10
5.39325,-5.885492245713299e-10
5.399,-5.847989508241783e-10
5.40475,-5.81076526958839e-10
5.4105,-5.773817167085981e-10
5.41625,-5.737142860710129e-10
5.422,-5.700740032833821e-10
5.42775,-5.664606387979058e-10
5.4334999999999996,-5.628739652582209e-10
5.4392499999999995,-5.593137574746809e-10
5.445,-5.557797924013784e-10
5.45075,-5.52271849112845e-10
5.4565,-5.487897087815485e-10
5.46225,-5.453331546543111e-10
5.468,-5.419019720312102e-10
5.47375,-5.384959482428285e-10
5.4795,-5.351148726286707e-10
5.48525,-5.317585365156141e-10
5.491,-5.284267331975191e-10
5.49675,-5.251192579133705e-10
5.5024999999999995,-5.218359078267613e-10
5.50825,-5.185764820063433e-10
5.514,-5.153407814048026e-10
5.51975,-5.121286088393596e-10
5.5255,-5.089397689724825e-10
5.53125,-5.057740682914938e-10
5.537,-5.026313150906386e-10
5.54275,-4.995113194516692e-10
5.5485,-4.96413893224637e-10
5.55425,-4.933388500102009e-10
5.56,-4.902860051412026e-10
5.5657499999999995,-4.872551756644419e-10
5.5715,-4.842461803232193e-10
5.57725,-4.812588395391389e-10
5.583,-4.782929753954259e-10
5.58875,-4.753484116193168e-10
5.5945,-4.724249735653983e-10
5.60025,-4.695224881985816e-10
5.606,-4.666407840776492e-10
5.61175,-4.637796913384336e-10
5.6175,-4.6093904167869494e-10
5.62325,-4.581186683411291e-10
5.629,-4.553184060978842e-10
5.6347499999999995,-4.52538091234896e-10
5.6405,-4.497775615366053e-10
5.64625,-4.4703665627030574e-10
5.652,-4.4431521617124764e-10
5.65775,-4.416130834277474e-10
5.6635,-4.3893010166723865e-10
5.66925,-4.362661159397033e-10
5.675,-4.33620972704857e-10
5.68075,-4.309945198174638e-10
5.6865,-4.283866065130292e-10
5.69225,-4.25797083394247e-10
5.6979999999999995,-4.232258024166996e-10
5.70375,-4.2067261687587313e-10
5.7095,-4.1813738139305154e-10
5.71525,-4.156199519025253e-10
5.721,-4.13120185637677e-10
5.72675,-4.10637941118946e-10
5.7325,-4.081730781399184e-10
5.73825,-4.05725457755858e-10
5.744,-4.0329494226923796e-10
5.74975,-4.0088139521958815e-10
5.7555,-3.984846813686549e-10
5.7612499999999995,-3.9610466669081456e-10
5.767,-3.937412183587983e-10
5.77275,-3.91394204732796e-10
5.7785,-3.8906349534918443e-10
5.78425,-3.867489609073823e-10
5.79,-3.8445047325989447e-10
5.79575,-3.82167905399731e-10
5.8015,-3.799011314498907e-10
5.80725,-3.7765002665153236e-10
5.813,-3.7541446735364776e-10
5.81875,-3.731943310017967e-10
5.8245,-3.709894961268436e-10
5.8302499999999995,-3.687998423351947e-10
5.836,-3.666252502979109e-10
5.84175,-3.644656017394455e-10
5.8475,-3.62320779428634e-10
5.85325,-3.6019066716762006e-10
5.859,-3.5807514978172086e-10
5.86475,-3.559741131100426e-10
5.8705,-3.538874439947831e-10
5.87625,-3.518150302722237e-10
5.882,-3.4975676076222013e-10
5.88775,-3.4771252525938245e-10
5.8934999999999995,-3.4568221452312907e-10
5.89925,-3.4366572026849236e-10
5.905,-3.416629351567361e-10
5.91075,-3.396737527865361e-10
5.9165,-3.376980676838482e-10
5.92225,-3.357357752945897e-10
5.928,-3.33786771974133e-10
5.93375,-3.3185095497942415e-10
5.9395,-3.2992822246035257e-10
5.94525,-3.2801847345036977e-10
5.951,-3.261216078589844e-10
5.9567499999999995,-3.242375264621937e-10
5.9624999999999995,-3.22366130895354e-10
5.96825,-3.2050732364398776e-10
5.974,-3.1866100803590334e-10
5.97975,-3.168270882336911e-10
5.9855,-3.1500546922553014e-10
5.99125,-3.1319605681862194e-10
5.997,-3.113987576303732e-10
6.00275,-3.0961347908089116e-10
6.0085,-3.078401293858549e-10
6.01425,-3.0607861754807293e-10
6.02,-3.0432885335072985e-10
6.0257499999999995,-3.025907473496943e-10
6.0315,-3.0086421086582755e-10
6.03725,-2.991491559784175e-10
6.043,-2.9744549551711184e-10
6.04875,-2.9575314305572726e-10
6.0545,-2.940720129047457e-10
6.06025,-2.9240202010399795e-10
6.066,-2.9074308041666053e-10
6.07175,-2.8909511032137683e-10
6.0775,-2.874580270062539e-10
6.08325,-2.8583174836229656e-10
6.0889999999999995,-2.842161929757164e-10
6.09475,-2.8261128012286624e-10
6.1005,-2.810169297627367e-10
6.10625,-2.7943306253039044e-10
6.112,-2.7785959973170933e-10
6.11775,-2.7629646333626624e-10
6.1235,-2.7474357597094654e-10
6.12925,-2.7320086091450835e-10
6.135,-2.7166824209082873e-10
6.14075,-2.701456440638392e-10
6.1465,-2.6863299203002175e-10
6.1522499999999996,-2.671302118139068e-10
6.1579999999999995,-2.6563722986150736e-10
6.16375,-2.6415397323506684e-10
6.1695,-2.626803696064928e-10
6.17525,-2.6121634725266785e-10
6.181,-2.5976183504907093e-10
6.18675,-2.583167624645253e-10
6.1925,-2.568810595561333e-10
6.19825,-2.554546569628984e-10
6.204,-2.540374859010354e-10
6.20975,-2.5262947815871787e-10
6.2155,-2.5123056609007557e-10
6.2212499999999995,-2.4984068261087945e-10
6.227,-2.4845976119291413e-10
6.23275,-2.4708773585853806e-10
6.2385,-2.457245411761809e-10
6.24425,-2.44370112255279e-10
6.25,-2.4302438474102267e-10
6.25575,-2.416872948096666e-10
6.2615,-2.4035877916327706e-10
6.26725,-2.39038775025793e-10
6.273,-2.3772722013702277e-10
6.27875,-2.3642405274908017e-10
6.2844999999999995,-2.3512921162094415e-10
6.29025,-2.338426360145197e-10
6.296,-2.3256426568919747e-10
6.30175,-2.3129404089791468e-10
6.3075,-2.300319023828404e-10
6.31325,-2.2877779137031067e-10
6.319,-2.2753164956688913e-10
6.32475,-2.2629341915467736e-10
6.3305,-2.2506304278756296e-10
6.33625,-2.2384046358653003e-10
6.342,-2.2262562513496913e-10
6.34775,-2.2141847147605144e-10
6.3534999999999995,-2.2021894710672554e-10
6.35925,-2.1902699697434105e-10
6.365,-2.1784256647345946e-10
6.37075,-2.1666560144060184e-10
6.3765,-2.154960481508719e-10
6.38225,-2.1433385331382945e-10
6.388,-2.1317896406992585e-10
6.39375,-2.1203132798581448e-10
6.3995,-2.1089089305172456e-10
6.40525,-2.0975760767658354e-10
6.411,-2.086314206848284e-10
6.4167499999999995,-2.0751228131284134e-10
6.4225,-2.0640013920463514e-10
6.42825,-2.0529494440866435e-10
6.434,-2.0419664737444847e-10
6.43975,-2.0310519894844515e-10
6.4455,-2.0202055037086117e-10
6.45125,-2.009426532719006e-10
6.457,-1.9987145966876332e-10
6.46275,-1.9880692196170586e-10
6.4685,-1.9774899293103976e-10
6.47425,-1.9669762573319234e-10
6.4799999999999995,-1.9565277389808034e-10
6.4857499999999995,-1.946143913255459e-10
6.4915,-1.9358243228197974e-10
6.49725,-1.925568513969448e-10
6.503,-1.9153760366036218e-10
6.50875,-1.9052464441913471e-10
6.5145,-1.8951792937377027e-10
6.52025,-1.8851741457594312e-10
6.526,-1.8752305642474214e-10
6.53175,-1.8653481166366951e-10
6.5375,-1.8555263737820188e-10
6.54325,-1.8457649099203864e-10
6.5489999999999995,-1.836063302646634e-10
6.55475,-1.8264211328853e-10
6.5605,-1.8168379848512317e-10
6.56625,-1.807313446034579e-10
6.572,-1.797847107165152e-10
6.57775,-1.7884385621824065e-10
6.5835,-1.7790874082110573e-10
6.58925,-1.7697932455329405e-10
6.595,-1.760555677557e-10
6.60075,-1.7513743107986504e-10
6.6065,-1.7422487548422615e-10
6.6122499999999995,-1.7331786223223977e-10
6.618,-1.7241635288975574e-10
6.62375,-1.7152030932220322e-10
6.6295,-1.70629693691402e-10
6.63525,-1.6974446845424902e-10
6.641,-1.6886459635915444e-10
6.64675,-1.6799004044397816e-10
6.6525,-1.6712076403359091e-10
6.65825,-1.6625673073668557e-10
6.664,-1.653979044444638e-10
6.66975,-1.6454424932744715e-10
6.6754999999999995,-1.636957298330384e-10
6.6812499999999995,-1.628523106838332e-10
6.687,-1.6201395687443108e-10
6.69275,-1.6118063366937205e-10
6.6985,-1.60352306601073e-10
6.70425,-1.5952894146776432e-10
6.71,-1.5871050433011322e-10
6.71575,-1.5789696151028587e-10
6.7215,-1.570882795887583e-10
6.72725,-1.5628442540262816e-10
6.733,-1.554853660433637e-10
6.73875,-1.5469106885455254e-10
6.7444999999999995,-1.5390150142965073e-10
6.75025,-1.5311663161010692e-10
6.756,-1.5233642748292353e-10
6.76175,-1.5156085737915614e-10
6.7675,-1.5078988987091206e-10
6.77325,-1.5002349377041243e-10
6.779,-1.492616381271783e-10
6.78475,-1.485042922261548e-10
6.7905,-1.4775142558602277e-10
6.79625,-1.470030079567602e-10
6.802,-1.4625900931832907e-10
6.8077499999999995,-1.4551939987823663e-10
6.8135,-1.4478415006928444e-10
6.81925,-1.4405323054900556e-10
6.825,-1.4332661219610032e-10
6.83075,-1.4260426611006119e-10
6.8365,-1.4188616360798375e-10
6.84225,-1.4117227622400396e-10
6.848,-1.4046257570648423e-10
6.85375,-1.3975703401670044e-10
6.8595,-1.3905562332734108e-10
6.86525,-1.3835831601969355e-10
6.8709999999999996,-1.376650846832689e-10
6.8767499999999995,-1.3697590211298796e-10
6.8825,-1.3629074130786836e-10
6.88825,-1.3560957546933613e-10
6.894,-1.3493237799991253e-10
6.89975,-1.3425912250077554e-10
6.9055,-1.3358978277044656e-10
6.91125,-1.3292433280328992e-10
6.917,-1.3226274678801192e-10
6.92275,-1.316049991055975e-10
6.9285,-1.309510643278096e-10
6.93425,-1.3030091721606344e-10
6.9399999999999995,-1.2965453271955068e-10
6.94575,-1.2901188597336372e-10
6.9515,-1.2837295229774505e-10
6.95725,-1.277377071958364e-10
6.963,-1.2710612635217798e-10
6.96875,-1.2647818563195802e-10
6.9745,-1.2585386107894946e-10
6.98025,-1.2523312891400913e-10
6.986,-1.2461596553338945e-10
6.99175,-1.2400234750855088e-10
6.9975,-1.2339225158316048e-10
7.0032499999999995,-1.2278565467234159e-10
7.0089999999999995,-1.221825338617358e-10
7.01475,-1.2158286640525196e-10
7.0205,-1.2098662972412823e-10
7.02625,-1.203938014059941e-10
7.032,-1.1980435920224417e-10
7.03775,-1.192182810284133e-10
7.0435,-1.1863554496136283e-10
7.04925,-1.1805612923853016e-10
7.055,-1.1748001225699085e-10
7.06075,-1.1690717257139515e-10
7.0665,-1.1633758889340518e-10
7.0722499999999995,-1.1577124009019428e-10
7.078,-1.1520810518275866e-10
7.08375,-1.1464816334516708e-10
7.0895,-1.140913939032477e-10
7.09525,-1.1353777633346257e-10
7.101,-1.1298729026084416e-10
7.10675,-1.1243991545955806e-10
7.1125,-1.118956318495265e-10
7.11825,-1.1135441949680339e-10
7.124,-1.108162586122613e-10
7.12975,-1.1028112954952793e-10
7.1354999999999995,-1.0974901280479859e-10
7.14125,-1.0921988901496016e-10
7.147,-1.0869373895721611e-10
7.15275,-1.0817054354702286e-10
7.1585,-1.0765028383827747e-10
7.16425,-1.0713294102069135e-10
7.17,-1.0661849641960266e-10
7.17575,-1.0610693149522598e-10
7.1815,-1.0559822784040125e-10
7.18725,-1.0509236718078136e-10
7.193,-1.045893313727686e-10
7.1987499999999995,-1.0408910240332719e-10
7.2044999999999995,-1.035916623882949e-10
7.21025,-1.0309699357163269e-10
7.216,-1.0260507832448682e-10
7.22175,-1.0211589914368809e-10
7.2275,-1.0162943865156429e-10
7.23325,-1.0114567959425185e-10
7.239,-1.0066460484132071e-10
7.24475,-1.001861973837108e-10
7.2505,-9.971044033448247e-11
7.25625,-9.923731692600255e-11
7.262,-9.876681051050721e-11
7.2677499999999995,-9.829890455803841e-11
7.2735,-9.783358265644398e-11
7.27925,-9.737082850950164e-11
7.285,-9.691062593691907e-11
7.29075,-9.645295887302075e-11
7.2965,-9.599781136562248e-11
7.30225,-9.554516757528091e-11
7.308,-9.509501177491851e-11
7.31375,-9.464732834794755e-11
7.3195,-9.420210178827022e-11
7.32525,-9.375931669915297e-11
7.3309999999999995,-9.331895779228867e-11
7.33675,-9.288100988685862e-11
7.3425,-9.244545790896976e-11
7.34825,-9.201228689034162e-11
7.354,-9.158148196849383e-11
7.35975,-9.115302838430752e-11
7.3655,-9.072691148296326e-11
7.37125,-9.030311671168992e-11
7.377,-8.988162962032754e-11
7.38275,-8.946243585888863e-11
7.3885,-8.904552117849609e-11
7.3942499999999995,-8.863087142931977e-11
7.3999999999999995,-8.821847256057645e-11
7.40575,-8.780831061902914e-11
7.4115,-8.740037174898707e-11
7.41725,-8.699464219136774e-11
7.423,-8.659110828238384e-11
7.42875,-8.618975645373075e-11
7.4345,-8.579057323108593e-11
7.44025,-8.539354523335852e-11
7.446,-8.49986591730645e-11
7.45175,-8.460590185407564e-11
7.4575,-8.42152601718071e-11
7.4632499999999995,-8.382672111284223e-11
7.469,-8.344027175286912e-11
7.47475,-8.305589925780609e-11
7.4805,-8.267359088136309e-11
7.48625,-8.229333396579203e-11
7.492,-8.191511594038602e-11
7.49775,-8.153892432091672e-11
7.5035,-8.116474670907144e-11
7.50925,-8.079257079226565e-11
7.515,-8.042238434176704e-11
7.52075,-8.00541752132583e-11
7.5264999999999995,-7.968793134608678e-11
7.5322499999999994,-7.932364076157615e-11
7.538,-7.896129156377683e-11
7.54375,-7.860087193758999e-11
7.5495,-7.824237014914283e-11
7.55525,-7.788577454466301e-11
7.561,-7.753107354991586e-11
7.56675,-7.717825567001682e-11
7.5725,-7.682730948793072e-11
7.57825,-7.647822366465938e-11
7.584,-7.613098693867881e-11
7.5897499999999996,-7.578558812481373e-11
7.5954999999999995,-7.544201611386232e-11
7.60125,-7.510025987259628e-11
7.607,-7.476030844188497e-11
7.61275,-7.442215093763323e-11
7.6185,-7.408577654946837e-11
7.62425,-7.375117453998978e-11
7.63,-7.341833424458136e-11
7.63575,-7.308724507066109e-11
7.6415,-7.275789649749355e-11
7.64725,-7.24302780750643e-11
7.653,-7.210437942426752e-11
7.6587499999999995,-7.178019023578046e-11
7.6645,-7.145770026968822e-11
7.67025,-7.113689935510868e-11
7.676,-7.0817777389442e-11
7.68175,-7.050032433855836e-11
7.6875,-7.018453023492196e-11
7.69325,-6.987038517871657e-11
7.699,-6.95578793357821e-11
7.70475,-6.924700293855254e-11
7.7105,-6.893774628436757e-11
7.71625,-6.863009973584788e-11
7.7219999999999995,-6.832405371995708e-11
7.7277499999999995,-6.801959872781423e-11
7.7335,-6.771672531356824e-11
7.73925,-6.741542409496066e-11
7.745,-6.711568575201255e-11
7.75075,-6.681750102683689e-11
7.7565,-6.652086072345099e-11
7.76225,-6.622575570646337e-11
7.768,-6.593217690201175e-11
7.77375,-6.564011529607466e-11
7.7795,-6.534956193428389e-11
7.78525,-6.506050792229971e-11
7.7909999999999995,-6.477294442412252e-11
7.79675,-6.448686266265564e-11
7.8025,-6.420225391876734e-11
7.80825,-6.391910953110329e-11
7.814,-6.363742089533617e-11
7.81975,-6.335717946416569e-11
7.8255,-6.307837674694339e-11
7.83125,-6.280100430835956e-11
7.837,-6.252505376919354e-11
7.84275,-6.225051680537583e-11
7.8485,-6.197738514761287e-11
7.8542499999999995,-6.170565058063673e-11
7.859999999999999,-6.143530494376778e-11
7.86575,-6.116634012922652e-11
7.8715,-6.089874808325906e-11
7.87725,-6.063252080407356e-11
7.883,-6.036765034296592e-11
7.88875,-6.010412880281894e-11
7.8945,-5.984194833847753e-11
7.90025,-5.95811011559984e-11
7.906,-5.932157951208727e-11
7.91175,-5.906337571466158e-11
7.9174999999999995,-5.880648212116228e-11
7.9232499999999995,-5.855089113892894e-11
7.929,-5.829659522538737e-11
7.93475,-5.8043586886173754e-11
7.9405,-5.77918586764477e-11
7.94625,-5.7541403199016416e-11
7.952,-5.729221310564781e-11
7.95775,-5.704428109481943e-11
7.9635,-5.679759991321916e-11
7.96925,-5.6552162354056924e-11
7.975,-5.6307961257252295e-11
7.98075,-5.6064989509246884e-11
7.9864999999999995,-5.582324004225399e-11
7.99225,-5.558270583463378e-11
7.998,-5.5343379909392587e-11
8.00375,-5.510525533474565e-11
8.0095,-5.486832522467991e-11
8.01525,-5.4632582736140165e-11
8.021,-5.439802107052977e-11
8.02675,-5.416463347352307e-11
8.032499999999999,-5.3932413233752263e-11
8.03825,-5.370135368299499e-11
8.044,-5.3471448195799156e-11
8.04975,-5.324269018967053e-11
8.055499999999999,-5.30150731239472e-11
8.061250000000001,-5.278859049998717e-11
8.067,-5.256323586041799e-11
8.07275,-5.233900278988713e-11
8.0785,-5.2115884913373684e-11
8.08425,-5.189387589712627e-11
8.09,-5.167296944734997e-11
8.095749999999999,-5.1453159310956646e-11
8.1015,-5.123443927406423e-11
8.10725,-5.1016803163122283e-11
8.113,-5.080024484322366e-11
8.118749999999999,-5.058475821885489e-11
8.124500000000001,-5.037033723314582e-11
8.13025,-5.015697586768202e-11
8.136,-4.994466814269236e-11
8.14175,-4.973340811554832e-11
8.1475,-4.9523189881701915e-11
8.15325,-4.9314007574498134e-11
8.158999999999999,-4.910585536348661e-11
8.16475,-4.889872745573476e-11
8.1705,-4.8692618094702236e-11
8.17625,-4.8487521560428535e-11
8.181999999999999,-4.828343216897022e-11
8.187750000000001,-4.808034427202573e-11
8.1935,-4.7878252257310594e-11
8.19925,-4.767715054724427e-11
8.205,-4.747703360026329e-11
8.21075,-4.727789590875777e-11
8.2165,-4.707973200057213e-11
8.222249999999999,-4.6882536437316794e-11
8.228,-4.668630381493094e-11
8.23375,-4.649102876330736e-11
8.2395,-4.6296705946104824e-11
8.245249999999999,-4.610333006018534e-11
8.251,-4.591089583580175e-11
8.25675,-4.571939803584736e-11
8.2625,-4.552883145660628e-11
8.26825,-4.533919092606516e-11
8.274000000000001,-4.515047130522631e-11
8.27975,-4.496266748660694e-11
8.285499999999999,-4.4775774395177165e-11
8.29125,-4.458978698667166e-11
8.297,-4.4404700248902817e-11
8.30275,-4.422050920063518e-11
8.308499999999999,-4.4037208891773054e-11
8.31425,-4.385479440279775e-11
8.32,-4.3673260844579954e-11
8.32575,-4.3492603358754946e-11
8.3315,-4.331281711678463e-11
8.337250000000001,-4.3133897320145145e-11
8.343,-4.295583919995167e-11
8.348749999999999,-4.277863801677083e-11
8.3545,-4.260228906080831e-11
8.36025,-4.24267876507833e-11
8.366,-4.2252129135054035e-11
8.371749999999999,-4.207830889011708e-11
8.3775,-4.190532232135769e-11
8.38325,-4.17331648619243e-11
8.389,-4.15618319736664e-11
8.39475,-4.139131914619668e-11
8.400500000000001,-4.1221621896703365e-11
8.40625,-4.105273576995027e-11
8.411999999999999,-4.0884656338276763e-11
8.41775,-4.071737920103502e-11
8.4235,-4.055089998440242e-11
8.42925,-4.038521434175674e-11
8.434999999999999,-4.022031795292579e-11
8.44075,-4.005620652381224e-11
8.4465,-3.9892875787331545e-11
8.45225,-3.973032150172367e-11
8.458,-3.956853945149103e-11
8.463750000000001,-3.94075254470233e-11
8.4695,-3.9247275324034664e-11
8.475249999999999,-3.9087784943563785e-11
8.481,-3.8929050191973856e-11
8.48675,-3.877106698076496e-11
8.4925,-3.861383124601134e-11
8.498249999999999,-3.8457338948736545e-11
8.504,-3.8301586074725865e-11
8.50975,-3.8146568633588394e-11
8.5155,-3.7992282659319754e-11
8.52125,-3.783872421030215e-11
8.527,-3.768588936836637e-11
8.53275,-3.753377423916703e-11
8.538499999999999,-3.7382374952370086e-11
8.54425,-3.723168766015218e-11
8.55,-3.7081708538888924e-11
8.55575,-3.6932433787278994e-11
8.5615,-3.678385962765728e-11
8.56725,-3.6635982304306573e-11
8.573,-3.648879808495826e-11
8.57875,-3.634230325947923e-11
8.5845,-3.619649413968427e-11
8.59025,-3.605136706027401e-11
8.596,-3.590691837752181e-11
8.60175,-3.576314446964892e-11
8.6075,-3.5620041736824495e-11
8.61325,-3.547760660041523e-11
8.619,-3.5335835503735736e-11
8.62475,-3.519472491092297e-11
8.6305,-3.505427130749904e-11
8.63625,-3.491447120018359e-11
8.642,-3.477532111633104e-11
8.64775,-3.4636817604118184e-11
8.6535,-3.4498957232169005e-11
8.65925,-3.436173658992985e-11
8.665,-3.422515228673148e-11
8.67075,-3.408920095272704e-11
8.676499999999999,-3.395387923757891e-11
8.68225,-3.3819183811021484e-11
8.688,-3.368511136267358e-11
8.69375,-3.355165860185084e-11
8.6995,-3.341882225719058e-11
8.70525,-3.328659907721452e-11
8.711,-3.315498582920328e-11
8.71675,-3.302397929994672e-11
8.7225,-3.2893576294993595e-11
8.72825,-3.2763773639026716e-11
8.734,-3.26345681754878e-11
8.739749999999999,-3.2505956766389853e-11
8.7455,-3.237793629212959e-11
8.75125,-3.2250503651862627e-11
8.757,-3.2123655762940685e-11
8.76275,-3.199738956072404e-11
8.7685,-3.187170199876907e-11
8.77425,-3.17465900486407e-11
8.78,-3.162205069934962e-11
8.78575,-3.1498080958102635e-11
8.7915,-3.137467784936474e-11
8.79725,-3.125183841523428e-11
8.802999999999999,-3.112955971525536e-11
8.80875,-3.100783882566751e-11
8.8145,-3.088667284071878e-11
8.82025,-3.076605887097747e-11
8.826,-3.0645994044270034e-11
8.83175,-3.052647550493077e-11
8.8375,-3.040750041436457e-11
8.84325,-3.0289065950296536e-11
8.849,-3.0171169307147193e-11
8.85475,-3.0053807695282124e-11
8.8605,-2.9936978341949915e-11
8.866249999999999,-2.9820678489781425e-11
8.872,-2.970490539847812e-11
8.87775,-2.958965634256099e-11
8.8835,-2.947492861324642e-11
8.88925,-2.936071951732069e-11
8.895,-2.924702637676476e-11
8.90075,-2.9133846529692257e-11
8.9065,-2.90211773292239e-11
8.91225,-2.8909016144237895e-11
8.918,-2.8797360358431953e-11
8.92375,-2.868620737088608e-11
8.929499999999999,-2.857555459549981e-11
8.93525,-2.8465399461742548e-11
8.941,-2.835573941296528e-11
8.94675,-2.8246571908276457e-11
8.9525,-2.81378944208537e-11
8.95825,-2.802970443850656e-11
8.964,-2.7921999463676528e-11
8.96975,-2.7814777012874252e-11
8.9755,-2.7708034617617503e-11
8.98125,-2.7601769822742854e-11
8.987,-2.7495980187718812e-11
8.99275,-2.7390663286083058e-11
8.9985,-2.728581670506726e-11
9.004249999999999,-2.7181438045784653e-11
9.01,-2.707752492323007e-11
9.01575,-2.6974074965717136e-11
9.0215,-2.6871085815816243e-11
9.02725,-2.6768555129041417e-11
9.033,-2.6666480574225486e-11
9.03875,-2.656485983408287e-11
9.0445,-2.646369060408402e-11
9.05025,-2.6362970593205793e-11
9.056,-2.6262697522993506e-11
9.06175,-2.616286912849887e-11
9.067499999999999,-2.606348315734205e-11
9.07325,-2.5964537370274443e-11
9.079,-2.5866029540615895e-11
9.08475,-2.576795745425471e-11
9.0905,-2.5670318909647644e-11
9.09625,-2.5573111718195093e-11
9.102,-2.5476333703115546e-11
9.10775,-2.537998270038354e-11
9.1135,-2.5284056557979304e-11
9.11925,-2.518855313645152e-11
9.125,-2.509347030797938e-11
9.130749999999999,-2.4998805957122944e-11
9.1365,-2.4904557980447964e-11
9.14225,-2.4810724285963114e-11
9.148,-2.4717302794057926e-11
9.15375,-2.4624291436564867e-11
9.1595,-2.4531688156759318e-11
9.16525,-2.4439490910297528e-11
9.171,-2.4347697663153144e-11
9.17675,-2.425630639405584e-11
9.1825,-2.41653150920527e-11
9.18825,-2.407472175800889e-11
9.193999999999999,-2.3984524404044918e-11
9.19975,-2.3894721053349042e-11
9.2055,-2.3805309739989665e-11
9.21125,-2.3716288509478116e-11
9.217,-2.3627655418018295e-11
9.22275,-2.3539408532694254e-11
9.2285,-2.3451545931470197e-11
9.23425,-2.3364065703002907e-11
9.24,-2.32769659470169e-11
9.24575,-2.3190244773178906e-11
9.2515,-2.3103900302223406e-11
9.257249999999999,-2.3017930665389848e-11
9.263,-2.2932334003859898e-11
9.26875,-2.2847108469507792e-11
9.2745,-2.2762252224900326e-11
9.28025,-2.2677763441983747e-11
9.286,-2.259364030358445e-11
9.29175,-2.2509881002095866e-11
9.2975,-2.2426483740416413e-11
9.30325,-2.234344673138671e-11
9.309,-2.2260768197226822e-11
9.31475,-2.2178446370661793e-11
9.3205,-2.209647949398371e-11
9.32625,-2.201486581905167e-11
9.332,-2.193360360766701e-11
9.33775,-2.1852691131198077e-11
9.3435,-2.1772126670205086e-11
9.34925,-2.1691908515190466e-11
9.355,-2.1612034966223665e-11
9.36075,-2.1532504332003237e-11
9.3665,-2.1453314931545113e-11
9.37225,-2.1374465092306728e-11
9.378,-2.1295953151312553e-11
9.38375,-2.12177774549665e-11
9.3895,-2.1139936358301573e-11
9.395249999999999,-2.106242822554263e-11
9.401,-2.098525143029397e-11
9.40675,-2.0908404354413816e-11
9.4125,-2.0831885389327406e-11
9.41825,-2.0755692934901496e-11
9.424,-2.0679825399631917e-11
9.42975,-2.0604281201206364e-11
9.4355,-2.0529058765566438e-11
9.44125,-2.0454156527470426e-11
9.447,-2.037957293011811e-11
9.45275,-2.0305306425338352e-11
9.458499999999999,-2.0231355473401534e-11
9.46425,-2.0157718543019524e-11
9.47,-2.0084394110970512e-11
9.47575,-2.0011380662849373e-11
9.4815,-1.9938676691942123e-11
9.48725,-1.9866280700163866e-11
9.493,-1.9794191197308444e-11
9.49875,-1.9722406701423604e-11
9.5045,-1.9650925738623418e-11
9.51025,-1.9579746843088285e-11
9.516,-1.950886855687733e-11
9.521749999999999,-1.943828942974082e-11
9.5275,-1.936800801968295e-11
9.53325,-1.9298022892211458e-11
9.539,-1.922833262071281e-11
9.54475,-1.915893578645222e-11
9.5505,-1.9089830978198448e-11
9.55625,-1.9021016792411398e-11
9.562,-1.8952491833054538e-11
9.56775,-1.888425471178247e-11
9.5735,-1.8816304047378186e-11
9.57925,-1.874863846669099e-11
9.584999999999999,-1.8681256603510977e-11
9.59075,-1.8614157099131803e-11
9.5965,-1.8547338601975493e-11
9.60225,-1.8480799767967638e-11
9.608,-1.841453926034979e-11
9.61375,-1.8348555749304288e-11
9.6195,-1.8282847912141854e-11
9.62525,-1.8217414433489173e-11
9.631,-1.8152254004726134e-11
9.63675,-1.8087365324736177e-11
9.6425,-1.802274709896836e-11
9.648249999999999,-1.7958398039812517e-11
9.654,-1.7894316866786876e-11
9.65975,-1.7830502306162858e-11
9.6655,-1.7766953090777488e-11
9.67125,-1.770366796059618e-11
9.677,-1.764064566196237e-11
9.68275,-1.757788494853545e-11
9.6885,-1.7515384579790077e-11
9.69425,-1.7453143322329282e-11
9.7,-1.7391159949321715e-11
9.70575,-1.7329433240314036e-11
9.7115,-1.7267961981230934e-11
9.71725,-1.7206744964937888e-11
9.722999999999999,-1.7145780989928043e-11
9.72875,-1.7085068862010508e-11
9.7345,-1.7024607392622063e-11
9.74025,-1.6964395399952682e-11
9.746,-1.69044317080076e-11
9.75175,-1.6844715147357665e-11
9.7575,-1.6785244554576565e-11
9.76325,-1.6726018772616007e-11
9.769,-1.6667036650430553e-11
9.77475,-1.6608297043165193e-11
9.7805,-1.6549798811780167e-11
9.786249999999999,-1.649154082323857e-11
9.792,-1.643352195088151e-11
9.79775,-1.6375741073490183e-11
9.8035,-1.6318197076223796e-11
9.80925,-1.626088884968164e-11
9.815,-1.6203815290653442e-11
9.82075,-1.6146975301556588e-11
9.8265,-1.609036779043614e-11
9.83225,-1.6033991671527586e-11
9.838,-1.5977845864506497e-11
9.84375,-1.5921929294300927e-11
9.849499999999999,-1.586624089240455e-11
9.85525,-1.5810779595000752e-11
9.861,-1.575554434446336e-11
9.86675,-1.570053408841869e-11
9.8725,-1.5645747779933125e-11
9.87825,-1.5591184377888325e-11
9.884,-1.5536842846418415e-11
9.88975,-1.5482722154722436e-11
9.8955,-1.542882127818986e-11
9.90125,-1.5375139196712288e-11
9.907,-1.5321674895808985e-11
9.912749999999999,-1.5268427366814486e-11
9.9185,-1.5215395605377855e-11
9.92425,-1.5162578613151007e-11
9.93,-1.510997539647558e-11
9.93575,-1.5057584967320875e-11
9.9415,-1.5005406342345924e-11
9.94725,-1.495343854346224e-11
9.953,-1.4901680597833823e-11
9.95875,-1.485013153750199e-11
9.9645,-1.4798790399572958e-11
9.97025,-1.4747656226217843e-11
9.975999999999999,-1.469672806448507e-11
9.98175,-1.464600496611279e-11
9.9875,-1.4595485988279224e-11
9.99325,-1.4545170192852327e-11
9.999,-1.449505664601459e-11
10.00475,-1.4445144419763764e-11
10.0105,-1.4395432589849374e-11
10.01625,-1.4345920237461029e-11
10.022,-1.4296606448478051e-11
10.02775,-1.4247490313094316e-11
10.0335,-1.4198570926568593e-11
10.03925,-1.414984738884938e-11
10.045,-1.4101318804199711e-11
10.050749999999999,-1.4052984281572351e-11
10.0565,-1.4004842934609782e-11
10.06225,-1.395689388164421e-11
10.068,-1.3909136245322385e-11
10.07375,-1.3861569152605602e-11
10.0795,-1.3814191735332466e-11
10.08525,-1.3767003129656128e-11
10.091,-1.3720002476044284e-11
10.09675,-1.3673188919279173e-11
10.1025,-1.3626561609020346e-11
10.10825,-1.3580119698679131e-11
10.113999999999999,-1.353386234616899e-11
10.11975,-1.348778871390552e-11
10.1255,-1.3441897968431269e-11
10.13125,-1.3396189280603336e-11
10.137,-1.3350661825405769e-11
10.14275,-1.3305314781949578e-11
10.1485,-1.3260147333847902e-11
10.15425,-1.3215158668465658e-11
10.16,-1.3170347977857487e-11
10.16575,-1.3125714457454631e-11
10.1715,-1.3081257307190463e-11
10.177249999999999,-1.3036975731312901e-11
10.183,-1.2992868937634052e-11
10.18875,-1.294893613809298e-11
10.1945,-1.2905176548943293e-11
10.20025,-1.2861589389815198e-11
10.206,-1.2818173885028624e-11
10.21175,-1.2774929262092513e-11
10.2175,-1.273185475301794e-11
10.22325,-1.2688949593380167e-11
10.229,-1.2646213022693826e-11
10.23475,-1.2603644284412913e-11
10.240499999999999,-1.2561242625368025e-11
10.24625,-1.2519007296891893e-11
10.252,-1.2476937553506258e-11
10.25775,-1.2435032653859818e-11
10.2635,-1.2393291860165457e-11
10.26925,-1.2351714438200253e-11
10.275,-1.2310299657680647e-11
10.28075,-1.226904679188727e-11
10.2865,-1.2227955118040118e-11
10.29225,-1.2187023916360613e-11
10.298,-1.2146252471197128e-11
10.303749999999999,-1.2105640070274642e-11
10.3095,-1.2065186005069905e-11
10.31525,-1.2024889570248683e-11
10.321,-1.1984750064603698e-11
10.32675,-1.19447667897415e-11
10.3325,-1.1904939051395601e-11
10.33825,-1.1865266158300933e-11
10.344,-1.1825747422944202e-11
10.34975,-1.1786382160813542e-11
10.3555,-1.1747169691524041e-11
10.36125,-1.1708109337317029e-11
10.366999999999999,-1.1669200424560794e-11
10.37275,-1.1630442282249868e-11
10.378499999999999,-1.159183424313056e-11
10.38425,-1.1553375643513371e-11
10.39,-1.1515065822335042e-11
10.39575,-1.1476904122284095e-11
10.4015,-1.1438889889238062e-11
10.40725,-1.1401022472263485e-11
10.413,-1.136330122380351e-11
10.41875,-1.13257254993027e-11
10.4245,-1.1288294657582223e-11
10.43025,-1.1251008060464667e-11
10.436,-1.1213865073149219e-11
10.441749999999999,-1.11768650636489e-11
10.4475,-1.1140007403540924e-11
10.45325,-1.1103291467216329e-11
10.459,-1.1066716632067585e-11
10.46475,-1.103028227886376e-11
10.4705,-1.0993987791187748e-11
10.47625,-1.0957832555811465e-11
10.482,-1.0921815962508242e-11
10.48775,-1.0885937403865243e-11
10.4935,-1.0850196275846239e-11
10.49925,-1.0814591977041238e-11
10.504999999999999,-1.0779123909041674e-11
10.51075,-1.0743791476440403e-11
10.5165,-1.0708594087019291e-11
10.52225,-1.067353115118645e-11
10.528,-1.0638602081976234e-11
10.53375,-1.06038062957996e-11
10.5395,-1.0569143211881338e-11
10.54525,-1.0534612251884892e-11
10.551,-1.0500212840662717e-11
10.55675,-1.0465944405881104e-11
10.5625,-1.0431806377832584e-11
10.568249999999999,-1.0397798189623528e-11
10.574,-1.0363919277361722e-11
10.57975,-1.0330169079406022e-11
10.5855,-1.0296547037679477e-11
10.59125,-1.026305259579343e-11
10.597,-1.0229685201111003e-11
10.60275,-1.0196444302871209e-11
10.6085,-1.0163329353314482e-11
10.61425,-1.0130339807495089e-11
10.62,-1.0097475122718364e-11
10.62575,-1.0064734759666245e-11
10.631499999999999,-1.0032118180708962e-11
10.63725,-9.999624851405762e-12
10.643,-9.967254239754546e-12
10.64875,-9.935005816567049e-12
10.6545,-9.902879054718483e-12
10.66025,-9.870873430273073e-12
10.666,-9.838988421170928e-12
10.67175,-9.807223508541176e-12
10.6775,-9.775578175388827e-12
10.68325,-9.744051907532725e-12
10.689,-9.712644193605554e-12
10.694749999999999,-9.68135452392829e-12
10.7005,-9.650182392198514e-12
10.70625,-9.619127293614516e-12
10.712,-9.588188726751186e-12
10.71775,-9.557366191684126e-12
10.7235,-9.52665919167795e-12
10.72925,-9.49606723187316e-12
10.735,-9.465589820224089e-12
10.74075,-9.435226466560963e-12
10.7465,-9.40497668334025e-12
10.75225,-9.374839985457074e-12
10.758,-9.344815889870039e-12
10.76375,-9.314903916163988e-12
10.769499999999999,-9.285103585987249e-12
10.77525,-9.2554144234268e-12
10.781,-9.225835954820688e-12
10.78675,-9.196367708570439e-12
10.7925,-9.167009215703818e-12
10.79825,-9.137760009312077e-12
10.804,-9.108619624362349e-12
10.80975,-9.07958759882319e-12
10.8155,-9.050663472351463e-12
10.82125,-9.021846786667501e-12
10.827,-8.993137086117883e-12
10.832749999999999,-8.96453391692508e-12
10.8385,-8.936036827562629e-12
10.84425,-8.907645368567542e-12
10.85,-8.87935909291549e-12
10.85575,-8.851177555458029e-12
10.8615,-8.823100312922608e-12
10.86725,-8.795126924850508e-12
10.873,-8.767256952096131e-12
10.87875,-8.739489958140124e-12
10.8845,-8.711825508151435e-12
10.89025,-8.684263169925257e-12
10.895999999999999,-8.656802512569903e-12
10.90175,-8.629443107819931e-12
10.9075,-8.60218452928579e-12
10.91325,-8.575026352266227e-12
10.919,-8.547968154686234e-12
10.92475,-8.521009515783926e-12
10.9305,-8.49415001742366e-12
10.93625,-8.467389242970509e-12
10.942,-8.440726778040607e-12
10.94775,-8.41416221012598e-12
10.9535,-8.387695128594544e-12
10.959249999999999,-8.3613251246901e-12
10.965,-8.335051791719932e-12
10.97075,-8.308874725054798e-12
10.9765,-8.282793521753758e-12
10.98225,-8.256807780564168e-12
10.988,-8.230917102672047e-12
10.99375,-8.20512109076412e-12
10.9995,-8.179419349402997e-12
11.00525,-8.153811485027188e-12
11.011,-8.128297105951083e-12
11.01675,-8.102875822552552e-12
11.022499999999999,-8.077547246710177e-12
11.02825,-8.05231099217843e-12
11.034,-8.027166674587669e-12
11.03975,-8.002113911444143e-12
11.0455,-7.977152321942399e-12
11.05125,-7.952281526965288e-12
11.057,-7.927501149271545e-12
11.06275,-7.902810813683387e-12
11.0685,-7.87821014614856e-12
11.07425,-7.853698774865883e-12
11.08,-7.82927632953488e-12
11.085749999999999,-7.804942441543377e-12
11.0915,-7.780696744155091e-12
11.097249999999999,-7.756538872509626e-12
11.103,-7.732468462872118e-12
11.10875,-7.708485153758773e-12
11.1145,-7.684588585186506e-12
11.12025,-7.660778398485356e-12
11.126,-7.637054237424014e-12
11.13175,-7.613415746709118e-12
11.1375,-7.589862572923197e-12
11.14325,-7.566394364524665e-12
11.149,-7.543010771097471e-12
11.15475,-7.51971144466422e-12
11.160499999999999,-7.496496037810282e-12
11.16625,-7.473364205559686e-12
11.172,-7.45031560424958e-12
11.17775,-7.427349891717824e-12
11.1835,-7.40446672749058e-12
11.18925,-7.381665772782307e-12
11.195,-7.358946689932997e-12
11.20075,-7.336309143346125e-12
11.2065,-7.313752798738281e-12
11.21225,-7.291277323326773e-12
11.218,-7.2688823860172054e-12
11.223749999999999,-7.246567657028304e-12
11.2295,-7.2243328084546855e-12
11.23525,-7.2021775135165e-12
11.241,-7.180101446934607e-12
11.24675,-7.158104285305757e-12
11.2525,-7.136185706539821e-12
11.25825,-7.114345389672205e-12
11.264,-7.092583015801791e-12
11.26975,-7.070898266965406e-12
11.2755,-7.049290826888179e-12
11.28125,-7.027760380983536e-12
11.286999999999999,-7.00630661560285e-12
11.29275,-6.984929218973382e-12
11.2985,-6.9636278804479245e-12
11.30425,-6.942402291067573e-12
11.31,-6.921252142998955e-12
11.31575,-6.900177130284587e-12
11.3215,-6.8791769475297516e-12
11.32725,-6.85825129140321e-12
11.333,-6.8373998598868454e-12
11.33875,-6.816622352088076e-12
11.3445,-6.795918468802615e-12
11.350249999999999,-6.7752879119517165e-12
11.356,-6.754730384957339e-12
11.36175,-6.734245592554566e-12
11.3675,-6.713833240604015e-12
11.37325,-6.693493036467013e-12
11.379,-6.673224689193188e-12
11.38475,-6.653027908582525e-12
11.3905,-6.632902405935717e-12
11.39625,-6.6128478938665814e-12
11.402,-6.592864086677235e-12
11.40775,-6.572950699232561e-12
11.413499999999999,-6.553107448273332e-12
11.41925,-6.533334051478266e-12
11.424999999999999,-6.513630228214378e-12
11.43075,-6.493995698599043e-12
11.4365,-6.474430184437932e-12
11.44225,-6.4549334084746615e-12
11.448,-6.435505094953561e-12
11.45375,-6.41614496943208e-12
11.4595,-6.396852758218025e-12
11.46525,-6.377628189307502e-12
11.471,-6.3584709916345616e-12
11.47675,-6.339380895821553e-12
11.4825,-6.320357633241185e-12
11.488249999999999,-6.301400936766872e-12
11.494,-6.282510540022389e-12
11.49975,-6.2636861781322185e-12
11.5055,-6.244927587909145e-12
11.51125,-6.226234506165952e-12
11.517,-6.2076066721540796e-12
11.52275,-6.189043825500145e-12
11.5285,-6.170545707143888e-12
11.53425,-6.152112059525758e-12
11.54,-6.133742625648975e-12
11.54575,-6.115437150205054e-12
11.551499999999999,-6.09719537863587e-12
11.55725,-6.079017057884006e-12
11.563,-6.06090193582999e-12
11.56875,-6.042849761479885e-12
11.5745,-6.024860284965286e-12
11.58025,-6.0069332575433225e-12
11.586,-5.989068431409067e-12
11.59175,-5.971265560258302e-12
11.5975,-5.95352439872476e-12
11.60325,-5.935844702192522e-12
11.609,-5.918226227546385e-12
11.614749999999999,-5.9006687326090885e-12
11.6205,-5.883171976516495e-12
11.62625,-5.865735718779643e-12
11.632,-5.848359720973053e-12
11.63775,-5.83104374485883e-12
11.6435,-5.813787553512203e-12
11.64925,-5.796590911509111e-12
11.655,-5.779453583800674e-12
11.66075,-5.762375337026309e-12
11.6665,-5.74535593820061e-12
11.67225,-5.728395155651297e-12
11.677999999999999,-5.7114927592067984e-12
11.68375,-5.694648518883132e-12
11.6895,-5.677862206197027e-12
11.69525,-5.661133593603157e-12
11.701,-5.6444624544941395e-12
11.70675,-5.627848563575715e-12
11.7125,-5.611291695928802e-12
11.71825,-5.594791628135029e-12
11.724,-5.578348137713969e-12
11.72975,-5.561961002935553e-12
11.7355,-5.5456300031952425e-12
11.741249999999999,-5.529354918826444e-12
11.747,-5.513135531288099e-12
11.75275,-5.496971622601913e-12
11.7585,-5.480862976102717e-12
11.76425,-5.464809376063284e-12
11.77,-5.448810607506743e-12
11.77575,-5.432866456394168e-12
11.7815,-5.416976709999755e-12
11.78725,-5.401141156160467e-12
11.793,-5.3853595838388e-12
11.79875,-5.369631782560016e-12
11.804499999999999,-5.353957543162501e-12
11.81025,-5.338336657610173e-12
11.815999999999999,-5.32276891786695e-12
11.82175,-5.307254117960228e-12
11.8275,-5.291792051729815e-12
11.83325,-5.276382514891406e-12
11.839,-5.261025303160699e-12
11.84475,-5.245720213941688e-12
11.8505,-5.230467045013549e-12
11.85625,-5.2152655950933994e-12
11.862,-5.200115664023891e-12
11.86775,-5.1850170522104435e-12
11.8735,-5.169969561184006e-12
11.879249999999999,-5.1549729932258895e-12
11.885,-5.140027151367754e-12
11.89075,-5.125131839766798e-12
11.8965,-5.110286863142982e-12
11.90225,-5.095492027341805e-12
11.908,-5.080747138771528e-12
11.91375,-5.0660520047783604e-12
11.9195,-5.051406433646453e-12
11.92525,-5.036810234597903e-12
11.931,-5.022263217229983e-12
11.93675,-5.007765192453091e-12
11.942499999999999,-4.9933159715528e-12
11.94825,-4.978915367127808e-12
11.954,-4.964563192151988e-12
11.95975,-4.95025926053716e-12
11.9655,-4.9360033873206746e-12
11.97125,-4.9217953877274735e-12
11.977,-4.907635078295621e-12
11.98275,-4.893522276313534e-12
11.9885,-4.879456799257221e-12
11.99425,-4.86543846629099e-12
12.0,-4.851467096579149e-12
