r_angstrom,potential_cm
0.5,650734.884718432
0.50575,624327.3002711607
0.5115,599083.3266265446
0.51725,574947.1057268516
0.523,551865.549518676
0.52875,529788.2078388667
0.5345,508667.14168780413
0.54025,488456.8017782408
0.546,469113.9122368282
0.55175,450597.3593263951
0.5575,432868.0850498125
0.56325,415888.9854907187
0.569,399624.813742256
0.57475,384042.08727219654
0.5805,369108.99957114493
0.5862499999999999,354795.3359298793
0.592,341072.3931921248
0.59775,327912.9033300286
0.6035,315290.96069127985
0.60925,303181.9527690189
0.615,291562.49434835964
0.62075,280410.3648864467
0.6265000000000001,269704.44898636144
0.63225,259424.6798288641
0.638,249551.98542984488
0.64375,240068.23759538188
0.6495,230956.20345045635
0.65525,222199.49942160465
0.661,213782.54755805054
0.66675,205690.53408013796
0.6725,197909.37004816174
0.67825,190425.654048917
0.6839999999999999,183226.63680147726
0.68975,176300.1875878138
0.6955,169634.7624179138
0.7012499999999999,163219.37384297542
0.707,157043.56233411148
0.71275,151097.36914771053
0.7185,145371.31060222758
0.7242500000000001,139856.35369466993
0.73,134543.8929884244
0.73575,129425.72870732844
0.7415,124494.04597402128
0.74725,119741.39513362438
0.753,115160.67310668794
0.75875,110745.105718118
0.7645,106488.23095144212
0.77025,102383.88308031653
0.776,98426.17763159741
0.78175,94609.49713661404
0.7875,90928.47762948858
0.79325,87377.9958534514
0.7989999999999999,83953.15713810208
0.8047500000000001,80649.28391247572
0.8105,77461.90482058577
0.8162499999999999,74386.74440783965
0.8220000000000001,71419.7133483627
0.82775,68556.89918482218
0.8335,65794.55755381838
0.83925,63129.10387131783
0.845,60557.10545392862
0.85075,58075.27405308382
0.8565,55680.458780396315
0.86225,53369.63940358055
0.868,51139.919993416144
0.87375,48988.52290324718
0.8795,46912.78306347658
0.88525,44910.14257443238
0.891,42978.14558185189
0.8967499999999999,41114.43342004935
0.9025,39316.74000861491
0.90825,37582.88748923118
0.9139999999999999,35910.78208989184
0.9197500000000001,34298.41020447224
0.9255,32743.834676229526
0.9312499999999999,31245.19127440505
0.937,29800.68535366833
0.94275,28408.588686675914
0.9485,27067.236460524964
0.95425,25775.024428366214
0.96,24530.406207892254
0.96575,23331.89071885423
0.9715,22178.03975216766
0.97725,21067.46566355835
0.983,19998.829185068324
0.98875,18970.83734809273
0.9944999999999999,17982.24151194966
1.0002499999999999,17031.83549230178
1.006,16118.453784046682
1.0117500000000001,15240.969873578058
1.0175,14398.294635588338
1.02325,13589.374809839956
1.029,12813.19155357532
1.0347499999999998,12068.759065465723
1.0405,11355.123277218543
1.0462500000000001,10671.360609169717
1.052,10016.576786385554
1.05775,9389.90571198525
1.0635,8790.508394572957
1.06925,8217.571926836812
1.075,7670.308512532321
1.08075,7147.954539219028
1.0865,6649.769694263971
1.09225,6175.036121761094
1.0979999999999999,5723.057618146286
1.10375,5293.158864409733
1.1095000000000002,4884.684692924414
1.11525,4496.999387019343
1.121,4129.486011531249
1.12675,3781.5457726674827
1.1324999999999998,3452.597405606507
1.13825,3142.0765883516224
1.1440000000000001,2849.435380437672
1.14975,2574.141685170033
1.1555,2315.678734150777
1.16125,2073.5445929182615
1.167,1847.2516865936107
1.17275,1636.3263444916183
1.1785,1440.3083627135813
1.18425,1258.7505837968483
1.19,1091.2184925492156
1.1957499999999999,937.2898272474447
1.2015,796.554205426799
1.20725,668.6127635338186
1.213,553.0778097570407
1.21875,449.5724893907141
1.2245,357.7304621241307
1.2302499999999998,277.1955906850992
1.236,207.6216402994391
1.2417500000000001,148.67198846006355
1.2475,100.01934452885946
1.25325,61.34547872255079
1.259,32.34096005997999
1.26475,12.70490287288829
1.2705,2.144721505486683
1.27625,0.3758928498394846
1.282,7.121726384529831
1.28775,22.113141403090886
1.2934999999999999,45.088451135866656
1.29925,75.79315348431788
1.305,113.97972810137166
1.31075,159.40743956544662
1.3165,211.84214640914539
1.32225,271.056115776596
1.3279999999999998,336.8278434957995
1.33375,408.94187936443217
1.3395000000000001,487.1886574591005
1.34525,571.3643312892317
1.351,661.2706136274213
1.35675,756.7146208582204
1.3624999999999998,857.5087216970404
1.36825,963.4703901398959
1.374,1074.4220625132252
1.37975,1190.1909985010084
1.3855,1310.6091460337034
1.3912499999999999,1435.5130099302382
1.397,1564.7435241905239
1.40275,1698.1459278414527
1.4085,1835.5696442444594
1.41425,1976.86816377702
1.42,2121.898929804676
1.4257499999999999,2270.523227863378
1.4315,2422.606077975202
1.4372500000000001,2578.01613002293
1.443,2736.625562111358
1.44875,2898.3099818450046
1.4545,3062.948330453484
1.4602499999999998,3230.422789697183
1.466,3400.6186914869395
1.4717500000000001,3573.424430152331
1.4775,3748.7313772939533
1.48325,3926.4337991556254
1.4889999999999999,4106.428776453002
1.49475,4288.616126595555
1.5005,4472.898328239209
1.50625,4659.1804481074405
1.512,4847.370070018769
1.51775,5037.377226059296
1.5235,5229.11432983905
1.52925,5422.4961117715775
1.535,5617.439556316753
1.54075,5813.86384112712
1.5465,6011.690278039012
1.55225,6210.8422558504135
1.558,6411.245184828064
1.56375,6612.8264428874845
1.5695,6815.5153233905585
1.57525,7019.242984506045
1.581,7223.942400079937
1.5867499999999999,7429.548311963508
1.5925,7635.997183748108
1.59825,7843.227155857334
1.604,8051.1780019483585
1.60975,8259.791086575622
1.6155,8469.009324071707
1.62125,8678.777138601585
1.627,8889.040425347934
1.63275,9099.74651278689
1.6385,9310.844126015025
1.64425,9522.283351089864
1.65,9734.015600348164
1.65575,9945.993578667125
1.6615,10158.171250635862
1.66725,10370.503808605568
1.673,10582.9476415885
1.67875,10795.460304977185
1.6844999999999999,11008.00049105713
1.69025,11220.52800028693
1.696,11433.00371332194
1.7017499999999999,11645.389563758159
1.7075,11857.648511574838
1.71325,12069.744517255129
1.719,12281.64251656544
1.72475,12493.308395975248
1.7305,12704.708968700077
1.73625,12915.811951351348
1.742,13126.585941177846
1.74775,13337.000393884267
1.7535,13547.025602013222
1.75925,13756.632673877728
1.765,13965.79351303211
1.77075,14174.480798269606
1.7765,14382.66796413575
1.78225,14590.329181947236
1.788,14797.439341306115
1.79375,15003.974032099888
1.7994999999999999,15209.909526978565
1.80525,15415.222764299668
1.811,15619.891331532886
1.81675,15823.893449116267
1.8225,16027.207954755822
1.82825,16229.814288160966
1.834,16431.69247620815
1.83975,16632.823118525204
1.8455,16833.187373489174
1.85125,17032.7669446303
1.857,17231.54406743496
1.86275,17429.501496540433
1.8685,17626.622493314488
1.87425,17822.890813812304
1.88,18018.290697104138
1.88575,18212.80685396604
1.8915,18406.42445592674
1.8972499999999999,18599.12912466349
1.903,18790.906921739395
1.90875,18981.74433867507
1.9144999999999999,19171.6282873472
1.92025,19360.546090706594
1.926,19548.48547380812
1.93175,19735.434555145235
1.9375,19921.381838281177
1.94325,20106.316203769537
1.949,20290.226901356084
1.95475,20473.10354245466
1.9605,20654.936092888795
1.96625,20835.714865891707
1.972,21015.43051535655
1.97775,21194.074029329353
1.9835,21371.63672373655
1.98925,21548.110236339428
1.9949999999999999,21723.486520907692
2.00075,21897.75784160417
2.0065,22070.91676757308
2.01225,22242.956167724027
2.018,22413.869205704086
2.0237499999999997,22583.649335050253
2.0295,22752.290294514816
2.03525,22919.786103556104
2.041,23086.131057987295
2.0467500000000003,23251.31972577572
2.0525,23415.346942985787
2.05825,23578.20780985829
2.064,23739.897687018998
2.06975,23900.41219180983
2.0755,24059.747194735904
2.08125,24217.898816021647
2.0869999999999997,24374.863422269875
2.0927499999999997,24530.637623217186
2.0985,24685.218268579865
2.10425,24838.602444984008
2.11,24990.787472974323
2.1157500000000002,25141.77090409585
2.1215,25291.550518042994
2.12725,25440.124319870894
2.133,25587.490537263864
2.13875,25733.64761785568
2.1445,25878.594226597575
2.1502499999999998,26022.32924316883
2.1559999999999997,26164.85175942585
2.16175,26306.161076885506
2.1675,26446.256704238647
2.17325,26585.138354890136
2.1790000000000003,26722.805944521562
2.18475,26859.259588673274
2.1905,26994.499600342642
2.19625,27128.526487595125
2.202,27261.34095118558
2.20775,27392.943882186755
2.2135,27523.33635962287
2.2192499999999997,27652.519648105375
2.2249999999999996,27780.495195469157
2.23075,27907.264630406793
2.2365,28032.82976009929
2.2422500000000003,28157.192567841375
2.248,28280.355210659814
2.25375,28402.320016923462
2.2595,28523.08948394378
2.26525,28642.66627556446
2.271,28761.053219739617
2.27675,28878.2533060992
2.2824999999999998,28994.269683501498
2.2882499999999997,29109.105657571577
2.294,29222.764688225663
2.29975,29335.25038718079
2.3055,29446.56651544973
2.3112500000000002,29556.716980820962
2.317,29665.705835323566
2.32275,29773.537272677422
2.3285,29880.21562572857
2.33425,29985.745363870115
2.34,30090.13109044911
2.34575,30193.37754015966
2.3514999999999997,30295.489576422893
2.35725,30396.472188754324
2.363,30496.33049011913
2.36875,30595.06971427625
2.3745000000000003,30692.69521311189
2.38025,30789.21245396322
2.386,30884.62701693328
2.39175,30978.944592197822
2.3975,31072.17097730507
2.40325,31164.312074469428
2.409,31255.373887860107
2.4147499999999997,31345.362520885552
2.4204999999999997,31434.284173475076
2.42625,31522.145139358407
2.432,31608.951803344447
2.43775,31694.71063860036
2.4435000000000002,31779.428203932024
2.44925,31863.11114106704
2.455,31945.76617194145
2.46075,32027.40009599124
2.4665,32108.01978744991
2.47225,32187.632192653087
2.4779999999999998,32266.244327351407
2.4837499999999997,32343.863274032916
2.4895,32420.496179255857
2.49525,32496.15025099324
2.501,32570.832755990035
2.50675,32644.551017134407
2.5125,32717.312410843686
2.51825,32789.12436446643
2.524,32859.99435370158
2.52975,32929.92990003554
2.5355,32998.93856819841
2.54125,33067.0279636403
2.547,33134.205730028465
2.55275,33200.47954676657
2.5585,33265.85712653667
2.56425,33330.346212865
2.57,33393.95457771221
2.5757499999999998,33456.69001908913
2.5815,33518.56035869861
2.58725,33579.57343960448
2.593,33639.73712392802
2.59875,33699.05929057303
2.6045,33757.54783297992
2.61025,33815.210656909534
2.616,33872.05567825735
2.62175,33928.09082089875
2.6275,33983.32401456565
2.63325,34037.76319275534
2.639,34091.41629067173
2.64475,34144.29124319982
2.6505,34196.39598291341
2.65625,34247.73843811691
2.662,34298.32653092121
2.66775,34348.168175354294
2.6734999999999998,34397.27127550676
2.67925,34445.64372371247
2.685,34493.29339876485
2.69075,34540.22816416874
2.6965,34586.455866428274
2.70225,34631.98433337092
2.708,34676.82137250758
2.71375,34720.9747694293
2.7195,34764.45228624039
2.72525,34807.261660028045
2.731,34849.410601368654
2.73675,34890.90679287078
2.7425,34931.75788775466
2.74825,34971.971508468465
2.754,35011.55524534103
2.75975,35050.51665527117
2.7655,35088.86326045338
2.7712499999999998,35126.6025471398
2.777,35163.74196443851
2.78275,35200.288923147666
2.7885,35236.25079462564
2.79425,35271.634909696775
2.8,35306.44855759264
2.8057499999999997,35340.69898492849
2.8115,35374.39339471476
2.81725,35407.53894540329
2.823,35440.142749968065
2.82875,35472.21187502011
2.8345,35503.75333995628
2.84025,35534.77411614161
2.846,35565.28112612498
2.85175,35595.28124288756
2.8575,35624.78128912394
2.86325,35653.788036555336
2.8689999999999998,35682.30820527472
2.87475,35710.348463123235
2.8805,35737.91542509776
2.88625,35765.015652789036
2.892,35791.65565385009
2.89775,35817.84188149423
2.9034999999999997,35843.580734022726
2.90925,35868.87855438115
2.915,35893.74162974425
2.92075,35918.176191129
2.9265,35942.188413035045
2.93225,35965.78441311236
2.938,35988.97025185552
2.94375,36011.751932324216
2.9495,36034.135399889405
2.95525,36056.12654200473
2.961,36077.731188002734
2.9667499999999998,36098.95510891526
2.9725,36119.80401731772
2.97825,36140.28356719666
2.984,36160.39935384008
2.98975,36180.1569137502
2.9955,36199.56172457796
3.0012499999999998,36218.61920507892
3.007,36237.3347150901
3.01275,36255.71355552706
3.0185,36273.76096840097
3.02425,36291.4821368551
3.03,36308.88218522018
3.03575,36325.96617908824
3.0415,36342.73912540439
3.04725,36359.20597257613
3.053,36375.371610599585
3.05875,36391.2408712024
3.0645,36406.81852800258
3.07025,36422.109296683
3.076,36437.11783518105
3.08175,36451.84874389294
3.0875,36466.30656589221
3.09325,36480.495787162115
3.0989999999999998,36494.420836841186
3.10475,36508.08608748179
3.1105,36521.49585532108
3.11625,36534.65440056401
3.122,36547.56592767786
3.12775,36560.23458569802
3.1335,36572.664468544426
3.13925,36584.859615348396
3.145,36596.82401078935
3.15075,36608.56158544114
3.1565,36620.07621612736
3.16225,36631.37172628556
3.168,36642.45188633972
3.17375,36653.32041408073
3.1795,36663.98097505448
3.18525,36674.43718295724
3.191,36684.69260003783
3.1967499999999998,36694.75073750638
3.2025,36704.61505594932
3.20825,36714.2889657501
3.214,36723.775827515565
3.21975,36733.07895250737
3.2255,36742.201603078356
3.2312499999999997,36751.14699311345
3.237,36759.918288474815
3.24275,36768.518607450875
3.2485,36776.95102120908
3.25425,36785.21855425196
3.26,36793.324184876255
3.26575,36801.270845634914
3.2715,36809.06142380147
3.27725,36816.69876183684
3.283,36824.185657858055
3.28875,36831.52486610874
3.2944999999999998,36838.719097431116
3.30025,36845.77101973928
3.306,36852.68325849357
3.31175,36859.45839717562
3.3175,36866.09897776421
3.32325,36872.60750121132
3.3289999999999997,36878.986427918426
3.33475,36885.23817821282
3.3405,36891.36513282367
3.34625,36897.369633357644
3.352,36903.253982774004
3.35775,36909.0204458589
3.3635,36914.6712496987
3.36925,36920.208584152286
3.375,36925.634602321974
3.38075,36930.95142102315
3.3865,36936.16112125219
3.3922499999999998,36941.26574865276
3.398,36946.267313980214
3.40375,36951.16779356402
3.4095,36955.969129768084
3.41525,36960.67323144872
3.421,36965.28197441048
3.4267499999999997,36969.79720185919
3.4325,36974.22072485274
3.43825,36978.5543227489
3.444,36982.7997436505
3.44975,36986.95870484765
3.4555,36991.03289325706
3.46125,36995.02396585815
3.467,36998.93355012615
3.47275,37002.76324446192
3.4785,37006.5146186184
3.48425,37010.18921412377
3.4899999999999998,37013.78854470116
3.49575,37017.314096684815
3.5015,37020.76732943267
3.50725,37024.14967573539
3.513,37027.46254222168
3.51875,37030.70730975985
3.5244999999999997,37033.88533385567
3.53025,37036.9979450464
3.536,37040.046449290916
3.54175,37043.03212835603
3.5475,37045.95624019883
3.55325,37048.82001934512
3.559,37051.624677263826
3.56475,37054.37140273748
3.5705,37057.061362228655
3.57625,37059.69570024231
3.582,37062.27553968411
3.5877499999999998,37064.80198221476
3.5935,37067.27610860014
3.59925,37069.69897905738
3.605,37072.071633596934
3.61075,37074.39509236039
3.6165,37076.67035595433
3.6222499999999997,37078.89840578001
3.628,37081.08020435894
3.63375,37083.216695654395
3.6395,37085.30880538881
3.64525,37087.35744135713
3.651,37089.363493736004
3.65675,37091.32783538903
3.6625,37093.25132216779
3.66825,37095.13479320903
3.674,37096.979071227695
3.67975,37098.784962805956
3.6854999999999998,37100.55325867827
3.69125,37102.28473401254
3.697,37103.98014868719
3.70275,37105.64024756439
3.7085,37107.26576075941
3.71425,37108.85740390601
3.7199999999999998,37110.415878418
3.72575,37111.941871746996
3.7315,37113.43605763634
3.73725,37114.89909637126
3.743,37116.33163502527
3.74875,37117.73430770285
3.7544999999999997,37119.10773577846
3.76025,37120.452528131835
3.766,37121.76928137972
3.77175,37123.05858010395
3.7775,37124.32099707602
3.78325,37125.557093478106
3.789,37126.76741912053
3.79475,37127.95251265584
3.8005,37129.11290178944
3.80625,37130.249103486785
3.812,37131.361624177276
3.8177499999999998,37132.45095995477
3.8235,37133.51759677485
3.82925,37134.56201064882
3.835,37135.58466783448
3.84075,37136.58602502373
3.8465,37137.566529527016
3.8522499999999997,37138.526619454715
3.858,37139.466723895355
3.86375,37140.38726309092
3.8695,37141.28864860904
3.87525,37142.17128351237
3.881,37143.03556252484
3.88675,37143.88187219526
3.8925,37144.71059105785
3.89825,37145.52208979012
3.904,37146.31673136795
3.90975,37147.09487121782
3.9154999999999998,37147.856857366496
3.92125,37148.60303058795
3.927,37149.33372454768
3.93275,37150.0492659445
3.9385,37150.74997464964
3.94425,37151.43616384344
3.9499999999999997,37152.1081401496
3.95575,37152.7662037668
3.9615,37153.41064859814
3.96725,37154.04176237801
3.973,37154.65982679677
3.97875,37155.26511762304
3.9845,37155.85790482369
3.99025,37156.43845268176
3.996,37157.00701991196
4.0017499999999995,37157.563859774185
4.0075,37158.10922018478
4.013249999999999,37158.643343825766
4.019,37159.16646825202
4.02475,37159.678825996314
4.0305,37160.18064467247
4.03625,37160.67214707654
4.042,37161.153551285934
4.04775,37161.62507075675
4.0535,37162.08691441924
4.0592500000000005,37162.53928677135
4.0649999999999995,37162.98238797052
4.07075,37163.41641392365
4.076499999999999,37163.84155637539
4.08225,37164.25800299458
4.088,37164.66593745917
4.09375,37165.0655395393
4.0995,37165.45698517887
4.10525,37165.84044657548
4.111,37166.2160922587
4.11675,37166.58408716693
4.1225000000000005,37166.94459272264
4.1282499999999995,37167.29776690612
4.134,37167.64376432783
4.139749999999999,37167.98273629918
4.1455,37168.31483090201
4.15125,37168.640193056635
4.157,37168.95896458851
4.16275,37169.27128429354
4.1685,37169.57728800211
4.17425,37169.8771086418
4.18,37170.17087629879
4.1857500000000005,37170.45871827814
4.1915,37170.740759162654
4.19725,37171.01712087075
4.202999999999999,37171.28792271297
4.20875,37171.55328144744
4.2145,37171.813311334205
4.22025,37172.06812418832
4.226,37172.317829432024
4.23175,37172.56253414572
4.2375,37172.80234311791
4.24325,37173.03735889416
4.2490000000000006,37173.26768182501
4.25475,37173.493410112875
4.2605,37173.71463985804
4.266249999999999,37173.931465103575
4.272,37174.14397787949
4.277749999999999,37174.35226824578
4.2835,37174.55642433473
4.28925,37174.75653239223
4.295,37174.952676818284
4.30075,37175.14494020662
4.3065,37175.333403383556
4.312250000000001,37175.518145445894
4.318,37175.69924379823
4.32375,37175.876774189266
4.3294999999999995,37176.0508107475
4.33525,37176.22142601608
4.340999999999999,37176.388690987
4.34675,37176.552675134466
4.3525,37176.71344644768
4.35825,37176.87107146278
4.364,37177.02561529429
4.36975,37177.17714166571
4.3755,37177.325712939564
4.38125,37177.471390146806
4.3870000000000005,37177.61423301556
4.3927499999999995,37177.75429999927
4.3985,37177.891648304234
4.404249999999999,37178.02633391655
4.41,37178.15841162854
4.41575,37178.287935064494
4.4215,37178.41495670601
4.42725,37178.539527916604
4.433,37178.66169896601
4.43875,37178.781519053766
4.4445,37178.899036332405
4.4502500000000005,37179.0142979301
4.4559999999999995,37179.12734997285
4.46175,37179.23823760616
4.467499999999999,37179.34700501626
4.47325,37179.4536954509
4.479,37179.55835123964
4.48475,37179.66101381374
4.4905,37179.76172372562
4.49625,37179.860520667855
4.502,37179.957443491825
4.50775,37180.05253022591
4.5135,37180.14581809334
4.5192499999999995,37180.237343529574
4.525,37180.327142199385
4.53075,37180.41524901356
4.5365,37180.5016981452
4.54225,37180.586523045655
4.548,37180.669756460215
4.55375,37180.75143044335
4.5595,37180.83157637363
4.56525,37180.91022496842
4.571,37180.987406298096
4.57675,37181.06314980013
4.5825,37181.137484292696
4.5882499999999995,37181.21043798811
4.594,37181.2820385059
4.59975,37181.352312885625
4.6055,37181.421287599434
4.61125,37181.48898856428
4.617,37181.55544115393
4.62275,37181.6206702107
4.6285,37181.68470005695
4.63425,37181.74755450625
4.64,37181.80925687438
4.64575,37181.869829990115
4.6514999999999995,37181.92929620566
4.65725,37181.98767740695
4.663,37182.04499502372
4.66875,37182.10127003931
4.6745,37182.15652300025
4.68025,37182.21077402576
4.686,37182.26404281682
4.69175,37182.31634866529
4.6975,37182.3677104626
4.70325,37182.41814670843
4.709,37182.46767551914
4.7147499999999996,37182.51631463592
4.7205,37182.564081432945
4.72625,37182.610992925176
4.732,37182.65706577611
4.73775,37182.702316305316
4.7435,37182.746760495764
4.74925,37182.7904140011
4.755,37182.833292152674
4.76075,37182.87540996641
4.7665,37182.91678214957
4.77225,37182.95742310741
4.778,37182.99734694955
4.7837499999999995,37183.03656749635
4.7895,37183.07509828504
4.79525,37183.1129525758
4.801,37183.150143357685
4.80675,37183.18668335436
4.8125,37183.222585029755
4.81825,37183.25786059364
4.824,37183.29252200701
4.82975,37183.326580987356
4.8355,37183.36004901388
4.84125,37183.39293733254
4.8469999999999995,37183.425256960996
4.85275,37183.45701869347
4.8585,37183.48823310547
4.86425,37183.518910558436
4.87,37183.549061204285
4.87575,37183.5786949898
4.8815,37183.60782166106
4.88725,37183.63645076755
4.893,37183.66459166648
4.89875,37183.69225352667
4.9045,37183.719445332674
4.91025,37183.74617588856
4.916,37183.77245382181
4.92175,37183.79828758692
4.9275,37183.82368546914
4.93325,37183.848655588015
4.939,37183.87320590081
4.94475,37183.89734420598
4.9505,37183.921078146464
4.95625,37183.94441521298
4.962,37183.96736274719
4.96775,37183.98992794482
4.9735,37184.01211785872
4.9792499999999995,37184.03393940185
4.985,37184.0553993502
4.99075,37184.07650434567
4.9965,37184.09726089882
5.00225,37184.117675391644
5.008,37184.13775408026
5.01375,37184.15750309746
5.0195,37184.17692845539
5.02525,37184.19603604791
5.031,37184.21483165319
5.03675,37184.23332093599
5.0424999999999995,37184.25150945014
5.04825,37184.26940264069
5.054,37184.287005846265
5.05975,37184.30432430126
5.0655,37184.3213631379
5.07125,37184.33812738848
5.077,37184.354621987324
5.08275,37184.37085177286
5.0885,37184.38682148955
5.09425,37184.40253578984
5.1,37184.41799923612
5.10575,37184.43321630243
5.1114999999999995,37184.448191376374
5.11725,37184.462928760884
5.123,37184.477432675936
5.12875,37184.491707260226
5.1345,37184.505756572886
5.14025,37184.51958459502
5.146,37184.53319523142
5.15175,37184.546592312
5.1575,37184.559779593386
5.16325,37184.572760760406
5.169,37184.58553942751
5.1747499999999995,37184.59811914027
5.1805,37184.61050337666
5.18625,37184.622695548554
5.192,37184.63469900301
5.19775,37184.646517023524
5.2035,37184.65815283143
5.20925,37184.66960958705
5.215,37184.680890390984
5.22075,37184.69199828529
5.2265,37184.702936254704
5.23225,37184.713707227675
5.2379999999999995,37184.72431407765
5.24375,37184.73475962409
5.2495,37184.74504663352
5.25525,37184.755177820705
5.261,37184.76515584957
5.26675,37184.77498333428
5.2725,37184.78466284018
5.27825,37184.79419688487
5.284,37184.803587939015
5.28975,37184.812838427395
5.2955,37184.82195072977
5.30125,37184.83092718178
5.3069999999999995,37184.83977007581
5.31275,37184.84848166185
5.3185,37184.85706414835
5.32425,37184.86551970306
5.33,37184.87385045375
5.33575,37184.88205848909
5.3415,37184.890145859375
5.34725,37184.898114577285
5.353,37184.905966618644
5.35875,37184.913703923114
5.3645,37184.92132839494
5.3702499999999995,37184.9288419036
5.376,37184.93624628454
5.38175,37184.943543339774
5.3875,37184.9507348386
5.39325,37184.957822518205
5.399,37184.9648080843
5.40475,37184.97169321172
5.4105,37184.97847954505
5.41625,37184.98516869917
5.422,37184.99176225989
5.42775,37184.99826178447
5.4334999999999996,37185.00466880217
5.4392499999999995,37185.01098481484
5.445,37185.01721129739
5.45075,37185.02334969832
5.4565,37185.0294014403
5.46225,37185.035367920544
5.468,37185.04125051142
5.47375,37185.047050560854
5.4795,37185.05276939281
5.48525,37185.05840830776
5.491,37185.06396858317
5.49675,37185.06945147383
5.5024999999999995,37185.07485821242
5.50825,37185.080190009845
5.514,37185.08544805568
5.51975,37185.09063351854
5.5255,37185.095747546584
5.53125,37185.100791267745
5.537,37185.10576579023
5.54275,37185.11067220287
5.5485,37185.11551157547
5.55425,37185.12028495916
5.56,37185.124993386766
5.5657499999999995,37185.12963787317
5.5715,37185.1342194156
5.57725,37185.13873899402
5.583,37185.14319757139
5.58875,37185.147596094044
5.5945,37185.15193549197
5.60025,37185.15621667911
5.606,37185.16044055369
5.61175,37185.16460799848
5.6175,37185.16871988109
5.62325,37185.172777054286
5.629,37185.17678035622
5.6347499999999995,37185.180730610715
5.6405,37185.18462862755
5.64625,37185.1884752027
5.652,37185.19227111859
5.65775,37185.19601714436
5.6635,37185.19971403609
5.66925,37185.203362537075
5.675,37185.20696337801
5.68075,37185.210517277286
5.6865,37185.21402494114
5.69225,37185.21748706394
5.6979999999999995,37185.22090432837
5.70375,37185.22427740567
5.7095,37185.22760695581
5.71525,37185.230893627704
5.721,37185.234138059444
5.72675,37185.23734087848
5.7325,37185.240502701774
5.73825,37185.243624136056
5.744,37185.24670577795
5.74975,37185.24974821419
5.7555,37185.25275202182
5.7612499999999995,37185.2557177683
5.767,37185.25864601175
5.77275,37185.26153730107
5.7785,37185.26439217614
5.78425,37185.26721116794
5.79,37185.26999479878
5.79575,37185.27274358235
5.8015,37185.275458023985
5.80725,37185.27813862075
5.813,37185.28078586158
5.81875,37185.28340022748
5.8245,37185.285982191606
5.8302499999999995,37185.288532219456
5.836,37185.29105076895
5.84175,37185.293538290614
5.8475,37185.2959952277
5.85325,37185.298422016276
5.859,37185.30081908541
5.86475,37185.303186857265
5.8705,37185.30552574721
5.87625,37185.307836163935
5.882,37185.31011850964
5.88775,37185.312373180044
5.8934999999999995,37185.31460056457
5.89925,37185.31680104641
5.905,37185.31897500269
5.91075,37185.321122804504
5.9165,37185.3232448171
5.92225,37185.3253413999
5.928,37185.32741290668
5.93375,37185.32945968558
5.9395,37185.331482079295
5.94525,37185.3334804251
5.951,37185.33545505496
5.9567499999999995,37185.337406295665
5.9624999999999995,37185.33933446884
5.96825,37185.341239891095
5.974,37185.3431228741
5.97975,37185.344983724666
5.9855,37185.34682274481
5.99125,37185.34864023186
5.997,37185.35043647852
6.00275,37185.352211772966
6.0085,37185.353966398914
6.01425,37185.355700635686
6.02,37185.35741475829
6.0257499999999995,37185.35910903753
6.0315,37185.36078373998
6.03725,37185.3624391282
6.043,37185.36407546066
6.04875,37185.3656929919
6.0545,37185.367291972565
6.06025,37185.368872649466
6.066,37185.370435265664
6.07175,37185.37198006052
6.0775,37185.37350726975
6.08325,37185.37501712551
6.0889999999999995,37185.37650985642
6.09475,37185.37798568764
6.1005,37185.37944484098
6.10625,37185.38088753484
6.112,37185.38231398437
6.11775,37185.38372440149
6.1235,37185.38511899492
6.12925,37185.386497970256
6.135,37185.38786153004
6.14075,37185.38920987377
6.1465,37185.39054319799
6.1522499999999996,37185.39186169627
6.1579999999999995,37185.39316555936
6.16375,37185.394454975154
6.1695,37185.39573012876
6.17525,37185.39699120255
6.181,37185.3982383762
6.18675,37185.39947182674
6.1925,37185.400691728595
6.19825,37185.40189825362
6.204,37185.403091571156
6.20975,37185.404271848034
6.2155,37185.4054392487
6.2212499999999995,37185.40659393514
6.227,37185.407736067005
6.23275,37185.40886580162
6.2385,37185.40998329401
6.24425,37185.41108869696
6.25,37185.41218216104
6.25575,37185.41326383463
6.2615,37185.41433386399
6.26725,37185.41539239323
6.273,37185.416439564426
6.27875,37185.417475517585
6.2844999999999995,37185.4185003907
6.29025,37185.41951431981
6.296,37185.42051743897
6.30175,37185.42150988037
6.3075,37185.42249177425
6.31325,37185.42346324904
6.319,37185.42442443134
6.32475,37185.42537544592
6.3305,37185.42631641581
6.33625,37185.42724746229
6.342,37185.42816870493
6.34775,37185.429080261594
6.3534999999999995,37185.4299822485
6.35925,37185.43087478021
6.365,37185.431757969716
6.37075,37185.432631928394
6.3765,37185.433496766054
6.38225,37185.434352590986
6.388,37185.43519950997
6.39375,37185.436037628286
6.3995,37185.43686704976
6.40525,37185.43768787674
6.411,37185.438500210206
6.4167499999999995,37185.43930414971
6.4225,37185.44009979342
6.42825,37185.44088723816
6.434,37185.441666579405
6.43975,37185.44243791134
6.4455,37185.44320132682
6.45125,37185.443956917465
6.457,37185.444704773596
6.46275,37185.44544498434
6.4685,37185.44617763757
6.47425,37185.44690281997
6.4799999999999995,37185.44762061705
6.4857499999999995,37185.448331113155
6.4915,37185.44903439149
6.49725,37185.4497305341
6.503,37185.45041962196
6.50875,37185.45110173492
6.5145,37185.45177695178
6.52025,37185.45244535023
6.526,37185.45310700697
6.53175,37185.453761997625
6.5375,37185.454410396844
6.54325,37185.45505227822
6.5489999999999995,37185.45568771442
6.55475,37185.45631677712
6.5605,37185.456939537005
6.56625,37185.45755606387
6.572,37185.45816642654
6.57775,37185.458770692974
6.5835,37185.45936893016
6.58925,37185.45996120428
6.595,37185.460547580566
6.60075,37185.46112812344
6.6065,37185.46170289644
6.6122499999999995,37185.4622719623
6.618,37185.4628353829
6.62375,37185.46339321934
6.6295,37185.46394553186
6.63525,37185.464492379986
6.641,37185.46503382242
6.64675,37185.4655699171
6.6525,37185.466100721234
6.65825,37185.46662629125
6.664,37185.46714668287
6.66975,37185.46766195109
6.6754999999999995,37185.46817215016
6.6812499999999995,37185.4686773337
6.687,37185.46917755456
6.69275,37185.46967286495
6.6985,37185.4701633164
6.70425,37185.470648959774
6.71,37185.47112984528
6.71575,37185.47160602249
6.7215,37185.47207754034
6.72725,37185.47254444713
6.733,37185.473006790555
6.73875,37185.47346461769
6.7444999999999995,37185.47391797502
6.75025,37185.47436690844
6.756,37185.474811463246
6.76175,37185.47525168419
6.7675,37185.47568761542
6.77325,37185.47611930055
6.779,37185.47654678264
6.78475,37185.476970104195
6.7905,37185.4773893072
6.79625,37185.4778044331
6.802,37185.478215522824
6.8077499999999995,37185.4786226168
6.8135,37185.479025754925
6.81925,37185.47942497661
6.825,37185.479820320776
6.83075,37185.48021182585
6.8365,37185.48059952979
6.84225,37185.48098347008
6.848,37185.48136368372
6.85375,37185.48174020728
6.8595,37185.48211307686
6.86525,37185.48248232811
6.8709999999999996,37185.48284799626
6.8767499999999995,37185.483210116065
6.8825,37185.483568721895
6.88825,37185.48392384767
6.894,37185.484275526906
6.89975,37185.48462379271
6.9055,37185.48496867775
6.91125,37185.485310214346
6.917,37185.485648434376
6.92275,37185.48598336936
6.9285,37185.486315050424
6.93425,37185.48664350831
6.9399999999999995,37185.48696877337
6.94575,37185.48729087563
6.9515,37185.487609844706
6.95725,37185.48792570989
6.963,37185.48823850009
6.96875,37185.4885482439
6.9745,37185.488854969524
6.98025,37185.48915870486
6.986,37185.48945947747
6.99175,37185.48975731454
6.9975,37185.49005224299
7.0032499999999995,37185.490344289385
7.0089999999999995,37185.49063347996
7.01475,37185.49091984067
7.0205,37185.49120339711
7.02625,37185.49148417463
7.032,37185.49176219823
7.03775,37185.49203749264
7.0435,37185.49231008226
7.04925,37185.49257999124
7.055,37185.492847243426
7.06075,37185.49311186237
7.0665,37185.49337387136
7.0722499999999995,37185.49363329341
7.078,37185.49389015124
7.08375,37185.49414446733
7.0895,37185.49439626388
7.09525,37185.49464556282
7.101,37185.49489238584
7.10675,37185.49513675436
7.1125,37185.49537868954
7.11825,37185.495618212335
7.124,37185.4958553434
7.12975,37185.49609010317
7.1354999999999995,37185.49632251186
7.14125,37185.49655258943
7.147,37185.496780355585
7.15275,37185.497005829835
7.1585,37185.497229031454
7.16425,37185.497449979484
7.17,37185.497668692755
7.17575,37185.49788518986
7.1815,37185.4980994892
7.18725,37185.49831160893
7.193,37185.49852156703
7.1987499999999995,37185.49872938127
7.2044999999999995,37185.49893506917
7.21025,37185.49913864808
7.216,37185.499340135175
7.22175,37185.49953954738
7.2275,37185.49973690145
7.23325,37185.49993221395
7.239,37185.50012550126
7.24475,37185.50031677954
7.2505,37185.500506064796
7.25625,37185.50069337284
7.262,37185.50087871929
7.2677499999999995,37185.50106211962
7.2735,37185.50124358908
7.27925,37185.501423142785
7.285,37185.50160079566
7.29075,37185.501776562436
7.2965,37185.50195045772
7.30225,37185.50212249593
7.308,37185.502292691315
7.31375,37185.50246105798
7.3195,37185.502627609836
7.32525,37185.50279236067
7.3309999999999995,37185.5029553241
7.33675,37185.50311651357
7.3425,37185.503275942414
7.34825,37185.503433623766
7.354,37185.50358957066
7.35975,37185.503743795925
7.3655,37185.5038963123
7.37125,37185.50404713233
7.377,37185.50419626847
7.38275,37185.50434373299
7.3885,37185.50448953804
7.3942499999999995,37185.50463369562
7.3999999999999995,37185.50477621763
7.40575,37185.504917115795
7.4115,37185.50505640172
7.41725,37185.5051940869
7.423,37185.505330182656
7.42875,37185.50546470021
7.4345,37185.50559765067
7.44025,37185.505729045006
7.446,37185.50585889404
7.45175,37185.505987208504
7.4575,37185.50611399901
7.4632499999999995,37185.50623927601
7.469,37185.50636304989
7.47475,37185.506485330894
7.4805,37185.50660612915
7.48625,37185.50672545469
7.492,37185.50684331739
7.49775,37185.506959727056
7.5035,37185.507074693385
7.50925,37185.50718822593
7.515,37185.50730033416
7.52075,37185.50741102745
7.5264999999999995,37185.50752031504
7.5322499999999994,37185.50762820608
7.538,37185.507734709645
7.54375,37185.507839834645
7.5495,37185.50794358994
7.55525,37185.50804598428
7.561,37185.508147026296
7.56675,37185.50824672457
7.5725,37185.50834508753
7.57825,37185.508442123544
7.584,37185.50853784088
7.5897499999999996,37185.5086322477
7.5954999999999995,37185.508725352105
7.60125,37185.50881716206
7.607,37185.50890768547
7.61275,37185.508996930155
7.6185,37185.50908490384
7.62425,37185.509171614154
7.63,37185.50925706864
7.63575,37185.50934127477
7.6415,37185.50942423993
7.64725,37185.50950597139
7.653,37185.5095864764
7.6587499999999995,37185.50966576208
7.6645,37185.50974383548
7.67025,37185.50982070357
7.676,37185.509896373245
7.68175,37185.50997085132
7.6875,37185.51004414454
7.69325,37185.51011625957
7.699,37185.51018720298
7.70475,37185.510256981295
7.7105,37185.51032560095
7.71625,37185.51039306831
7.7219999999999995,37185.51045938966
7.7277499999999995,37185.51052457125
7.7335,37185.51058861919
7.73925,37185.510651539575
7.745,37185.51071333843
7.75075,37185.51077402168
7.7565,37185.510833595195
7.76225,37185.510892064805
7.768,37185.51094943623
7.77375,37185.51100571515
7.7795,37185.51106090718
7.78525,37185.51111501784
7.7909999999999995,37185.51116805264
7.79675,37185.51122001699
7.8025,37185.511270916235
7.80825,37185.51132075567
7.814,37185.51136954053
7.81975,37185.51141727599
7.8255,37185.51146396716
7.83125,37185.51150961909
7.837,37185.51155423677
7.84275,37185.51159782513
7.8485,37185.511640389064
7.8542499999999995,37185.51168193337
7.859999999999999,37185.511722462834
7.86575,37185.511761982154
7.8715,37185.511800495966
7.87725,37185.51183800889
7.883,37185.51187452546
7.88875,37185.51191005017
7.8945,37185.51194458745
7.90025,37185.51197814169
7.906,37185.51201071721
7.91175,37185.5120423183
7.9174999999999995,37185.51207294919
7.9232499999999995,37185.51210261405
7.929,37185.51213131701
7.93475,37185.51215906215
7.9405,37185.512185853506
7.94625,37185.51221169504
7.952,37185.512236590694
7.95775,37185.51226054436
7.9635,37185.51228355987
7.96925,37185.51230564101
7.975,37185.51232679152
7.98075,37185.51234701511
7.9864999999999995,37185.51236631543
7.99225,37185.51238469608
7.998,37185.51240216061
8.00375,37185.51241871258
8.0095,37185.51243435541
8.01525,37185.51244909258
8.021,37185.51246292744
8.02675,37185.51247586337
8.032499999999999,37185.51248790365
8.03825,37185.51249905154
8.044,37185.51250931027
8.04975,37185.51251868302
8.055499999999999,37185.51252717292
8.061250000000001,37185.51253478307
8.067,37185.512541516524
8.07275,37185.51254737631
8.0785,37185.5125523654
8.08425,37185.51255648673
8.09,37185.51255974321
8.095749999999999,37185.51256213771
8.1015,37185.51256367304
8.10725,37185.512564351986
8.113,37185.51256417731
8.118749999999999,37185.51256315173
8.124500000000001,37185.51256127792
8.13025,37185.51255855851
8.136,37185.512554996116
8.14175,37185.51255059331
8.1475,37185.51254535262
8.15325,37185.512539276555
8.158999999999999,37185.51253236756
8.16475,37185.512524628095
8.1705,37185.51251606053
8.17625,37185.51250666725
8.181999999999999,37185.51249645057
8.187750000000001,37185.512485412786
8.1935,37185.51247355617
8.19925,37185.51246088295
8.205,37185.51244739533
8.21075,37185.51243309547
8.2165,37185.512417985505
8.222249999999999,37185.51240206755
8.228,37185.51238534366
8.23375,37185.512367815885
8.2395,37185.51234948624
8.245249999999999,37185.512330356694
8.251,37185.51231042921
8.25675,37185.51228970569
8.2625,37185.51226818804
8.26825,37185.51224587812
8.274000000000001,37185.51222277776
8.27975,37185.512198888755
8.285499999999999,37185.51217421289
8.29125,37185.5121487519
8.297,37185.512122507505
8.30275,37185.5120954814
8.308499999999999,37185.51206767524
8.31425,37185.51203909066
8.32,37185.51200972927
8.32575,37185.51197959264
8.3315,37185.511948682324
8.337250000000001,37185.51191699984
8.343,37185.511884546715
8.348749999999999,37185.5118513244
8.3545,37185.51181733434
8.36025,37185.51178257796
8.366,37185.51174705665
8.371749999999999,37185.51171077179
8.3775,37185.5116737247
8.38325,37185.51163591672
8.389,37185.51159734914
8.39475,37185.51155802323
8.400500000000001,37185.51151794022
8.40625,37185.51147710134
8.411999999999999,37185.51143550779
8.41775,37185.51139316072
8.4235,37185.51135006131
8.42925,37185.511306210654
8.434999999999999,37185.51126160986
8.44075,37185.51121626001
8.4465,37185.511170162164
8.45225,37185.511123317345
8.458,37185.51107572655
8.463750000000001,37185.51102739078
8.4695,37185.51097831099
8.475249999999999,37185.51092848812
8.481,37185.51087792308
8.48675,37185.51082661679
8.4925,37185.510774570095
8.498249999999999,37185.510721783874
8.504,37185.51066825894
8.50975,37185.5106139961
8.5155,37185.51055899614
8.52125,37185.510503259844
8.527,37185.51044678795
8.53275,37185.51038958117
8.538499999999999,37185.510331640224
8.54425,37185.51027296579
8.55,37185.51021355852
8.55575,37185.510153419076
8.5615,37185.51009254807
8.56725,37185.510030946105
8.573,37185.50996861376
8.57875,37185.5099055516
8.5845,37185.50984176018
8.59025,37185.50977723999
8.596,37185.509711991566
8.60175,37185.50964601539
8.6075,37185.50957931191
8.61325,37185.50951188159
8.619,37185.50944372483
8.62475,37185.50937484208
8.6305,37185.5093052337
8.63625,37185.50923490007
8.642,37185.50916384155
8.64775,37185.509092058455
8.6535,37185.509019551115
8.65925,37185.50894631982
8.665,37185.508872364866
8.67075,37185.508797686496
8.676499999999999,37185.50872228497
8.68225,37185.50864616051
8.688,37185.50856931332
8.69375,37185.508491743596
8.6995,37185.50841345151
8.70525,37185.508334437225
8.711,37185.508254700864
8.71675,37185.50817424258
8.7225,37185.50809306245
8.72825,37185.508011160564
8.734,37185.507928537016
8.739749999999999,37185.507845191845
8.7455,37185.50776112509
8.75125,37185.507676336776
8.757,37185.50759082691
8.76275,37185.507504595465
8.7685,37185.50741764244
8.77425,37185.507329967775
8.78,37185.507241571424
8.78575,37185.5071524533
8.7915,37185.50706261331
8.79725,37185.50697205135
8.802999999999999,37185.5068807673
8.80875,37185.50678876102
8.8145,37185.50669603236
8.82025,37185.50660258114
8.826,37185.50650840718
8.83175,37185.506413510295
8.8375,37185.50631789024
8.84325,37185.506221546806
8.849,37185.50612447975
8.85475,37185.506026688774
8.8605,37185.50592817364
8.866249999999999,37185.50582893405
8.872,37185.50572896969
8.87775,37185.50562828025
8.8835,37185.505526865374
8.88925,37185.50542472473
8.895,37185.50532185795
8.90075,37185.50521826466
8.9065,37185.50511394445
8.91225,37185.50500889692
8.918,37185.50490312166
8.92375,37185.50479661822
8.929499999999999,37185.50468938614
8.93525,37185.504581424975
8.941,37185.50447273424
8.94675,37185.50436331345
8.9525,37185.50425316208
8.95825,37185.50414227961
8.964,37185.50403066553
8.96975,37185.503918319264
8.9755,37185.50380524026
8.98125,37185.503691427955
8.987,37185.50357688175
8.99275,37185.50346160103
8.9985,37185.503345585195
9.004249999999999,37185.503228833615
9.01,37185.503111345635
9.01575,37185.502993120615
9.0215,37185.502874157864
9.02725,37185.50275445673
9.033,37185.502634016484
9.03875,37185.502512836436
9.0445,37185.50239091586
9.05025,37185.50226825402
9.056,37185.50214485017
9.06175,37185.50202070355
9.067499999999999,37185.50189581339
9.07325,37185.50177017889
9.079,37185.50164379925
9.08475,37185.50151667367
9.0905,37185.50138880132
9.09625,37185.501260181365
9.102,37185.50113081294
9.10775,37185.50100069521
9.1135,37185.50086982728
9.11925,37185.50073820826
9.125,37185.50060583727
9.130749999999999,37185.50047271337
9.1365,37185.50033883564
9.14225,37185.50020420317
9.148,37185.50006881498
9.15375,37185.49993267013
9.1595,37185.49979576763
9.16525,37185.4996581065
9.171,37185.499519685734
9.17675,37185.499380504334
9.1825,37185.49924056127
9.18825,37185.499099855515
9.193999999999999,37185.498958386015
9.19975,37185.49881615171
9.2055,37185.49867315153
9.21125,37185.49852938439
9.217,37185.49838484922
9.22275,37185.49823954489
9.2285,37185.498093470276
9.23425,37185.49794662427
9.24,37185.49779900572
9.24575,37185.49765061348
9.2515,37185.49750144637
9.257249999999999,37185.497351503225
9.263,37185.49720078286
9.26875,37185.49704928407
9.2745,37185.49689700564
9.28025,37185.496743946365
9.286,37185.49659010499
9.29175,37185.49643548028
9.2975,37185.49628007097
9.30325,37185.496123875804
9.309,37185.495966893504
9.31475,37185.49580912276
9.3205,37185.495650562276
9.32625,37185.495491210764
9.332,37185.495331066864
9.33775,37185.49517012926
9.3435,37185.4950083966
9.34925,37185.49484586752
9.355,37185.49468254065
9.36075,37185.49451841463
9.3665,37185.49435348805
9.37225,37185.494187759505
9.378,37185.494021227576
9.38375,37185.493853890854
9.3895,37185.49368574789
9.395249999999999,37185.49351679724
9.401,37185.49334703745
9.40675,37185.49317646705
9.4125,37185.49300508455
9.41825,37185.49283288847
9.424,37185.4926598773
9.42975,37185.49248604953
9.4355,37185.49231140364
9.44125,37185.49213593808
9.447,37185.49195965132
9.45275,37185.4917825418
9.458499999999999,37185.49160460795
9.46425,37185.491425848195
9.47,37185.491246260935
9.47575,37185.49106584459
9.4815,37185.49088459753
9.48725,37185.49070251813
9.493,37185.49051960479
9.49875,37185.49033585583
9.5045,37185.490151269616
9.51025,37185.48996584448
9.516,37185.48977957874
9.521749999999999,37185.48959247073
9.5275,37185.48940451873
9.53325,37185.48921572105
9.539,37185.489026075964
9.54475,37185.488835581746
9.5505,37185.48864423666
9.55625,37185.48845203895
9.562,37185.488258986865
9.56775,37185.48806507863
9.5735,37185.48787031247
9.57925,37185.48767468658
9.584999999999999,37185.48747819917
9.59075,37185.487280848414
9.5965,37185.487082632506
9.60225,37185.4868835496
9.608,37185.48668359786
9.61375,37185.486482775435
9.6195,37185.48628108044
9.62525,37185.48607851102
9.631,37185.485875065286
9.63675,37185.485670741335
9.6425,37185.48546553727
9.648249999999999,37185.48525945116
9.654,37185.48505248108
9.65975,37185.484844625105
9.6655,37185.48463588128
9.67125,37185.48442624764
9.677,37185.48421572222
9.68275,37185.484004303056
9.6885,37185.48379198813
9.69425,37185.48357877546
9.7,37185.48336466303
9.70575,37185.48314964881
9.7115,37185.4829337308
9.71725,37185.482716906925
9.722999999999999,37185.482499175145
9.72875,37185.48228053341
9.7345,37185.48206097962
9.74025,37185.48184051172
9.746,37185.481619127604
9.75175,37185.48139682517
9.7575,37185.481173602304
9.76325,37185.480949456876
9.769,37185.48072438676
9.77475,37185.48049838982
9.7805,37185.480271463886
9.786249999999999,37185.480043606796
9.792,37185.479814816375
9.79775,37185.47958509044
9.8035,37185.479354426796
9.80925,37185.47912282323
9.815,37185.47889027753
9.82075,37185.47865678747
9.8265,37185.47842235082
9.83225,37185.478186965316
9.838,37185.47795062871
9.84375,37185.47771333873
9.849499999999999,37185.47747509311
9.85525,37185.47723588954
9.861,37185.47699572575
9.86675,37185.47675459941
9.8725,37185.47651250821
9.87825,37185.47626944981
9.884,37185.476025421885
9.88975,37185.47578042208
9.8955,37185.47553444802
9.90125,37185.475287497364
9.907,37185.475039567704
9.912749999999999,37185.47479065666
9.9185,37185.47454076185
9.92425,37185.474289880825
9.93,37185.47403801118
9.93575,37185.473785150505
9.9415,37185.473531296324
9.94725,37185.4732764462
9.953,37185.473020597674
9.95875,37185.47276374827
9.9645,37185.4725058955
9.97025,37185.47224703688
9.975999999999999,37185.4719871699
9.98175,37185.47172629204
9.9875,37185.47146440078
9.99325,37185.4712014936
9.999,37185.470937567945
10.00475,37185.47067262126
10.0105,37185.47040665097
10.01625,37185.47013965451
10.022,37185.46987162929
10.02775,37185.469602572724
10.0335,37185.46933248219
10.03925,37185.469061355085
10.045,37185.46878918877
10.050749999999999,37185.46851598062
10.0565,37185.46824172798
10.06225,37185.46796642819
10.068,37185.46769007859
10.07375,37185.46741267649
10.0795,37185.46713421921
10.08525,37185.46685470405
10.091,37185.4665741283
10.09675,37185.46629248924
10.1025,37185.46600978413
10.10825,37185.46572601025
10.113999999999999,37185.46544116484
10.11975,37185.46515524512
10.1255,37185.46486824834
10.13125,37185.46458017171
10.137,37185.46429101245
10.14275,37185.464000767744
10.1485,37185.463709434785
10.15425,37185.46341701073
10.16,37185.46312349278
10.16575,37185.46282887806
10.1715,37185.462533163736
10.177249999999999,37185.462236346924
10.183,37185.46193842478
10.18875,37185.46163939438
10.1945,37185.46133925285
10.20025,37185.46103799727
10.206,37185.460735624736
10.21175,37185.46043213231
10.2175,37185.460127517064
10.22325,37185.459821776036
10.229,37185.45951490628
10.23475,37185.45920690482
10.240499999999999,37185.45889776868
10.24625,37185.45858749485
10.252,37185.45827608036
10.25775,37185.457963522174
10.2635,37185.45764981728
10.26925,37185.45733496265
10.275,37185.45701895522
10.28075,37185.45670179196
10.2865,37185.4563834698
10.29225,37185.45606398566
10.298,37185.45574333644
10.303749999999999,37185.455421519066
10.3095,37185.45509853042
10.31525,37185.4547743674
10.321,37185.45444902687
10.32675,37185.45412250567
10.3325,37185.453794800684
10.33825,37185.45346590874
10.344,37185.45313582665
10.34975,37185.45280455125
10.3555,37185.452472079356
10.36125,37185.452138407745
10.366999999999999,37185.45180353322
10.37275,37185.45146745255
10.378499999999999,37185.45113016251
10.38425,37185.45079165983
10.39,37185.45045194127
10.39575,37185.45011100358
10.4015,37185.44976884346
10.40725,37185.44942545763
10.413,37185.44908084278
10.41875,37185.44873499562
10.4245,37185.4483879128
10.43025,37185.44803959102
10.436,37185.44769002693
10.441749999999999,37185.447339217164
10.4475,37185.44698715837
10.45325,37185.446633847176
10.459,37185.44627928017
10.46475,37185.445923454
10.4705,37185.44556636522
10.47625,37185.445208010424
10.482,37185.44484838619
10.48775,37185.444487489076
10.4935,37185.444125315626
10.49925,37185.44376186239
10.504999999999999,37185.44339712588
10.51075,37185.443031102615
10.5165,37185.44266378911
10.52225,37185.442295181856
10.528,37185.44192527733
10.53375,37185.44155407201
10.5395,37185.44118156235
10.54525,37185.44080774481
10.551,37185.44043261583
10.55675,37185.440056171836
10.5625,37185.43967840924
10.568249999999999,37185.439299324455
10.574,37185.43891891387
10.57975,37185.43853717388
10.5855,37185.43815410084
10.59125,37185.43776969113
10.597,37185.437383941084
10.60275,37185.436996847064
10.6085,37185.436608405376
10.61425,37185.436218612354
10.62,37185.43582746429
10.62575,37185.435434957486
10.631499999999999,37185.435041088225
10.63725,37185.43464585278
10.643,37185.43424924741
10.64875,37185.43385126837
10.6545,37185.4334519119
10.66025,37185.433051174216
10.666,37185.432649051545
10.67175,37185.43224554009
10.6775,37185.43184063604
10.68325,37185.43143433558
10.689,37185.431026634884
10.694749999999999,37185.43061753011
10.7005,37185.4302070174
10.70625,37185.429795092896
10.712,37185.42938175272
10.71775,37185.428966993
10.7235,37185.428550809826
10.72925,37185.42813319928
10.735,37185.427714157464
10.74075,37185.427293680434
10.7465,37185.42687176424
10.75225,37185.42644840495
10.758,37185.42602359857
10.76375,37185.42559734115
10.769499999999999,37185.425169628674
10.77525,37185.42474045714
10.781,37185.42430982257
10.78675,37185.42387772092
10.7925,37185.423444148146
10.79825,37185.42300910021
10.804,37185.42257257306
10.80975,37185.42213456261
10.8155,37185.42169506478
10.82125,37185.42125407549
10.827,37185.42081159062
10.832749999999999,37185.420367606064
10.8385,37185.4199221177
10.84425,37185.41947512136
10.85,37185.41902661292
10.85575,37185.4185765882
10.8615,37185.41812504302
10.86725,37185.41767197321
10.873,37185.41721737456
10.87875,37185.41676124286
10.8845,37185.4163035739
10.89025,37185.41584436341
10.895999999999999,37185.415383607186
10.90175,37185.41492130094
10.9075,37185.41445744041
10.91325,37185.41399202133
10.919,37185.413525039374
10.92475,37185.413056490266
10.9305,37185.41258636967
10.93625,37185.41211467326
10.942,37185.41164139669
10.94775,37185.41116653562
10.9535,37185.41069008567
10.959249999999999,37185.41021204247
10.965,37185.409732401626
10.97075,37185.40925115874
10.9765,37185.40876830938
10.98225,37185.40828384915
10.988,37185.407797773594
10.99375,37185.40731007826
10.9995,37185.40682075869
11.00525,37185.4063298104
11.011,37185.40583722892
11.01675,37185.405343009734
11.022499999999999,37185.40484714835
11.02825,37185.40434964022
11.034,37185.40385048083
11.03975,37185.40334966561
11.0455,37185.402847190024
11.05125,37185.40234304948
11.057,37185.4018372394
11.06275,37185.401329755194
11.0685,37185.400820592244
11.07425,37185.40030974592
11.08,37185.399797211605
11.085749999999999,37185.399282984654
11.0915,37185.39876706038
11.097249999999999,37185.39824943415
11.103,37185.39773010125
11.10875,37185.397209056995
11.1145,37185.39668629667
11.12025,37185.39616181556
11.126,37185.395635608926
11.13175,37185.39510767203
11.1375,37185.39457800011
11.14325,37185.394046588386
11.149,37185.39351343209
11.15475,37185.392978526404
11.160499999999999,37185.39244186654
11.16625,37185.39190344766
11.172,37185.39136326495
11.17775,37185.390821313544
11.1835,37185.39027758858
11.18925,37185.3897320852
11.195,37185.3891847985
11.20075,37185.388635723604
11.2065,37185.38808485559
11.21225,37185.38753218954
11.218,37185.38697772051
11.223749999999999,37185.38642144356
11.2295,37185.38586335371
11.23525,37185.38530344601
11.241,37185.38474171546
11.24675,37185.38417815705
11.2525,37185.38361276579
11.25825,37185.38304553664
11.264,37185.382476464554
11.26975,37185.381905544506
11.2755,37185.381332771394
11.28125,37185.38075814017
11.286999999999999,37185.380181645734
11.29275,37185.37960328298
11.2985,37185.379023046786
11.30425,37185.378440932036
11.31,37185.37785693358
11.31575,37185.37727104625
11.3215,37185.37668326489
11.32725,37185.376093584324
11.333,37185.37550199935
11.33875,37185.37490850475
11.3445,37185.37431309532
11.350249999999999,37185.37371576581
11.356,37185.373116510986
11.36175,37185.37251532557
11.3675,37185.3719122043
11.37325,37185.37130714188
11.379,37185.37070013302
11.38475,37185.3700911724
11.3905,37185.36948025469
11.39625,37185.36886737454
11.402,37185.36825252661
11.40775,37185.367635705545
11.413499999999999,37185.36701690594
11.41925,37185.3663961224
11.424999999999999,37185.365773349535
11.43075,37185.365148581914
11.4365,37185.3645218141
11.44225,37185.36389304065
11.448,37185.3632622561
11.45375,37185.36262945497
11.4595,37185.36199463178
11.46525,37185.36135778102
11.471,37185.36071889719
11.47675,37185.36007797474
11.4825,37185.35943500814
11.488249999999999,37185.35878999182
11.494,37185.35814292023
11.49975,37185.35749378778
11.5055,37185.35684258886
11.51125,37185.35618931786
11.517,37185.355533969174
11.52275,37185.354876537145
11.5285,37185.35421701614
11.53425,37185.35355540046
11.54,37185.35289168446
11.54575,37185.35222586242
11.551499999999999,37185.351557928654
11.55725,37185.35088787742
11.563,37185.350215703
11.56875,37185.349541399635
11.5745,37185.34886496157
11.58025,37185.34818638302
11.586,37185.34750565819
11.59175,37185.346822781285
11.5975,37185.346137746485
11.60325,37185.34545054796
11.609,37185.344761179855
11.614749999999999,37185.34406963631
11.6205,37185.34337591146
11.62625,37185.3426799994
11.632,37185.34198189425
11.63775,37185.34128159007
11.6435,37185.34057908093
11.64925,37185.3398743609
11.655,37185.33916742401
11.66075,37185.33845826429
11.6665,37185.33774687575
11.67225,37185.33703325239
11.677999999999999,37185.336317388195
11.68375,37185.33559927713
11.6895,37185.33487891316
11.69525,37185.33415629021
11.701,37185.33343140222
11.70675,37185.33270424308
11.7125,37185.33197480672
11.71825,37185.33124308701
11.724,37185.33050907781
11.72975,37185.32977277299
11.7355,37185.32903416637
11.741249999999999,37185.32829325178
11.747,37185.32755002306
11.75275,37185.326804473974
11.7585,37185.326056598315
11.76425,37185.32530638986
11.77,37185.324553842336
11.77575,37185.32379894952
11.7815,37185.32304170511
11.78725,37185.32228210282
11.793,37185.32152013634
11.79875,37185.32075579937
11.804499999999999,37185.31998908554
11.81025,37185.319219988545
11.815999999999999,37185.318448501996
11.82175,37185.31767461951
11.8275,37185.3168983347
11.83325,37185.31611964117
11.839,37185.31533853247
11.84475,37185.31455500219
11.8505,37185.31376904386
11.85625,37185.31298065103
11.862,37185.3121898172
11.86775,37185.311396535886
11.8735,37185.31060080056
11.879249999999999,37185.30980260472
11.885,37185.3090019418
11.89075,37185.308198805265
11.8965,37185.30739318852
11.90225,37185.306585085
11.908,37185.30577448809
11.91375,37185.30496139118
11.9195,37185.30414578764
11.92525,37185.30332767081
11.931,37185.30250703404
11.93675,37185.30168387065
11.942499999999999,37185.30085817395
11.94825,37185.300029937236
11.954,37185.29919915377
11.95975,37185.29836581683
11.9655,37185.29752991967
11.97125,37185.29669145551
11.977,37185.295850417555
11.98275,37185.295006799024
11.9885,37185.29416059309
11.99425,37185.29331179294
12.0,37185.29246039173
